"District Number","District Name","Approx Area Sq Kilometers","Approx Area US Survey Acres","Approx Area Sq US Statute Miles"
"109901","Abbott ISD",194.748,48123.134,75.192
"095901","Abernathy ISD",469.405,115991.961,181.237
"221901","Abilene ISD",276.221,68255.415,106.649
"014901","Academy ISD",149.583,36962.725,57.754
"180903","Adrian ISD",1719.056,424786.319,663.729
"178901","Agua Dulce ISD",253.102,62542.546,97.723
"015901","Alamo Heights ISD",24.147,5966.734,9.323
"250906","Alba-Golden ISD",252.435,62377.809,97.465
"209901","Albany ISD",1537.172,379841.949,593.503
"101902","Aldine ISD",283.031,69938.218,109.278
"184907","Aledo ISD",342.152,84547.243,132.105
"125901","Alice ISD",780.611,192892.347,301.394
"101903","Alief ISD",101.448,25068.316,39.169
"043901","Allen ISD",75.672,18698.992,29.217
"022901","Alpine ISD",4963.124,1226409.734,1916.266
"037901","Alto ISD",508.407,125629.522,196.296
"126901","Alvarado ISD",254.266,62830.227,98.172
"020901","Alvin ISD",651.463,160979.452,251.530
"249901","Alvord ISD",295.774,73087.089,114.199
"188901","Amarillo ISD",193.472,47807.719,74.700
"140901","Amherst ISD",267.250,66038.755,103.186
"036901","Anahuac ISD",1196.519,295665.017,461.977
"093901","Anderson-Shiro Cons ISD",683.966,169010.871,264.080
"002901","Andrews ISD",3887.724,960673.568,1501.053
"020902","Angleton ISD",1123.717,277675.358,433.868
"043902","Anna ISD",159.166,39330.579,61.454
"127901","Anson ISD",689.064,170270.809,266.048
"071906","Anthony ISD",20.726,5121.475,8.002
"110901","Anton ISD",213.667,52798.018,82.497
"228905","Apple Springs ISD",310.554,76739.197,119.905
"109912","Aquilla ISD",183.486,45340.115,70.844
"004901","Aransas County ISD",1298.557,320879.154,501.374
"205901","Aransas Pass ISD",144.530,35714.108,55.803
"005901","Archer City ISD",1120.551,276893.079,432.646
"061910","Argyle ISD",91.584,22630.740,35.361
"220901","Arlington ISD",229.137,56620.631,88.470
"212901","Arp ISD",217.976,53862.801,84.161
"217901","Aspermont ISD",2098.902,518647.787,810.387
"107901","Athens ISD",615.132,152001.775,237.503
"034901","Atlanta ISD",652.548,161247.414,251.949
"061907","Aubrey ISD",120.293,29724.868,46.445
"227901","Austin ISD",593.890,146752.928,229.302
"196901","Austwell-Tivoli ISD",683.157,168811.185,263.768
"070901","Avalon ISD",120.404,29752.437,46.488
"194902","Avery ISD",434.578,107386.000,167.791
"034902","Avinger ISD",181.477,44843.721,70.068
"161918","Axtell ISD",220.723,54541.545,85.221
"220915","Azle ISD",240.594,59451.802,92.893
"030903","Baird ISD",971.375,240030.924,375.048
"200901","Ballinger ISD",1078.568,266518.898,416.436
"195902","Balmorhea ISD",1390.112,343502.709,536.723
"010902","Bandera ISD",819.186,202424.496,316.288
"025901","Bangs ISD",532.807,131658.836,205.717
"178913","Banquete ISD",322.987,79811.474,124.705
"036902","Barbers Hill ISD",500.158,123591.125,193.111
"014902","Bartlett ISD",261.990,64738.778,101.154
"011901","Bastrop ISD",1116.932,275998.759,431.248
"158901","Bay City ISD",425.305,105094.796,164.211
"123910","Beaumont ISD",466.033,115158.700,179.936
"183901","Beckville ISD",303.999,75119.509,117.374
"013901","Beeville ISD",896.637,221562.927,346.192
"039904","Bellevue ISD",408.481,100937.335,157.715
"091901","Bells ISD",151.252,37374.947,58.398
"008901","Bellville ISD",1002.194,247646.626,386.948
"014903","Belton ISD",516.570,127646.615,199.448
"125902","Ben Bolt-Palito Blanco ISD",357.316,88294.351,137.960
"066901","Benavides ISD",1906.828,471185.515,736.228
"138904","Benjamin ISD",1057.075,261207.756,408.137
"187901","Big Sandy ISD (Polk)",515.308,127334.832,198.961
"230901","Big Sandy ISD (Upshur)",221.736,54791.914,85.612
"114901","Big Spring ISD",624.533,154324.909,241.133
"220902","Birdville ISD",104.312,25776.038,40.275
"178902","Bishop Cons ISD",439.114,108506.958,169.542
"177903","Blackwell Cons ISD",1217.604,300875.310,470.118
"016902","Blanco ISD",905.005,223630.620,349.423
"116915","Bland ISD",156.700,38721.207,60.502
"025904","Blanket ISD",251.080,62043.027,96.942
"034909","Bloomburg ISD",84.511,20883.157,32.630
"175902","Blooming Grove ISD",429.655,106169.593,165.890
"235901","Bloomington ISD",274.581,67850.214,106.016
"043917","Blue Ridge ISD",168.135,41546.898,64.917
"072904","Bluff Dale ISD",180.881,44696.438,69.838
"109913","Blum ISD",264.143,65270.837,101.986
"130901","Boerne ISD",796.814,196896.188,307.650
"116916","Boles ISD",22.057,5450.358,8.516
"241901","Boling ISD",377.429,93264.366,145.726
"074903","Bonham ISD",589.981,145786.892,227.792
"148901","Booker ISD",780.249,192802.976,301.255
"017901","Borden County ISD",2352.650,581350.203,908.360
"117901","Borger ISD",124.571,30782.149,48.097
"161923","Bosqueville ISD",60.704,15000.248,23.438
"185901","Bovina ISD",555.397,137240.988,214.439
"169901","Bowie ISD",732.410,180981.671,282.784
"249902","Boyd ISD",176.083,43510.982,67.986
"180901","Boys Ranch ISD",1.270,313.893,0.490
"136901","Brackett ISD",3535.651,873674.716,1365.117
"160901","Brady ISD",1812.461,447866.989,699.792
"008903","Brazos ISD",330.900,81766.866,127.761
"020905","Brazosport ISD",836.216,206632.619,322.864
"215901","Breckenridge ISD",2092.163,516982.612,807.786
"198901","Bremond ISD",477.084,117889.574,184.203
"239901","Brenham ISD",1194.724,295221.555,461.284
"181901","Bridge City ISD",171.997,42501.271,66.408
"249903","Bridgeport ISD",377.869,93373.054,145.895
"203902","Broaddus ISD",729.506,180264.207,281.663
"184909","Brock ISD",225.112,55626.046,86.916
"041901","Bronte ISD",851.027,210292.486,328.582
"121902","Brookeland ISD",390.797,96567.626,150.887
"025908","Brookesmith ISD",409.591,101211.663,158.143
"024901","Brooks County ISD",2444.044,603933.928,943.647
"223901","Brownfield ISD",997.227,246419.272,385.030
"107902","Brownsboro ISD",499.123,123335.555,192.712
"031901","Brownsville ISD",262.946,64975.003,101.523
"025902","Brownwood ISD",362.410,89553.002,139.927
"161919","Bruceville-Eddy ISD",182.909,45197.492,70.621
"021902","Bryan ISD",1057.951,261424.307,408.476
"119901","Bryson ISD",474.217,117181.007,183.095
"166907","Buckholts ISD",120.068,29669.222,46.358
"186901","Buena Vista ISD",2259.721,558386.811,872.480
"145901","Buffalo ISD",692.794,171192.444,267.488
"212902","Bullard ISD",221.904,54833.501,85.677
"121903","Buna ISD",569.558,140740.193,219.907
"243901","Burkburnett ISD",457.815,113127.977,176.763
"176901","Burkeville ISD",851.343,210370.535,328.704
"126902","Burleson ISD",130.750,32308.981,50.483
"027903","Burnet Cons ISD",1831.263,452513.013,707.052
"239903","Burton ISD",419.173,103579.376,161.843
"188904","Bushland ISD",1444.233,356876.188,557.619
"109902","Bynum ISD",210.807,52091.403,81.393
"116901","Caddo Mills ISD",178.594,44131.419,68.955
"178903","Calallen ISD",85.231,21060.850,32.908
"026901","Caldwell ISD",1006.374,248679.385,388.562
"029901","Calhoun County ISD",2674.592,660903.257,1032.662
"049905","Callisburg ISD",355.369,87813.334,137.208
"198902","Calvert ISD",309.989,76599.668,119.687
"166901","Cameron ISD",819.393,202475.524,316.368
"116910","Campbell ISD",121.652,30060.751,46.970
"106901","Canadian ISD",1875.983,463563.693,724.318
"234902","Canton ISD",421.581,104174.405,162.773
"071907","Canutillo ISD",184.459,45580.589,71.220
"191901","Canyon ISD",1851.429,457496.187,714.838
"201913","Carlisle ISD",199.435,49281.221,77.002
"064903","Carrizo Springs Cons ISD",3456.371,854084.448,1334.507
"220919","Carroll ISD",53.218,13150.362,20.547
"057903","Carrollton-Farmers Branch ISD",124.664,30804.969,48.133
"183902","Carthage ISD",1378.396,340607.627,532.200
"220917","Castleberry ISD",14.092,3482.188,5.441
"001902","Cayuga ISD",604.825,149454.795,233.523
"057904","Cedar Hill ISD",109.162,26974.521,42.148
"116902","Celeste ISD",183.620,45373.211,70.896
"043903","Celina ISD",248.532,61413.450,95.959
"210901","Center ISD",533.040,131716.566,205.807
"133901","Center Point ISD",248.950,61516.704,96.120
"145902","Centerville ISD (Leon)",922.156,227868.872,356.045
"228904","Centerville ISD (Trinity)",274.255,67769.507,105.890
"174908","Central Heights ISD",181.485,44845.677,70.071
"003907","Central ISD",244.978,60535.161,94.586
"101905","Channelview ISD",51.969,12841.842,20.065
"103901","Channing ISD",3489.689,862317.454,1347.371
"212909","Chapel Hill ISD (Smith)",343.987,85000.810,132.814
"225906","Chapel Hill ISD (Titus)",137.816,34055.050,53.211
"007901","Charlotte ISD",634.485,156783.923,244.975
"206903","Cherokee ISD",623.936,154177.314,240.902
"229906","Chester ISD",471.187,116432.490,181.926
"249904","Chico ISD",293.192,72448.902,113.201
"038901","Childress ISD",1686.481,416736.763,651.151
"099902","Chillicothe ISD",681.180,168322.665,263.004
"073901","Chilton ISD",230.388,56929.984,88.953
"161920","China Spring ISD",186.083,45981.825,71.847
"174901","Chireno ISD",258.710,63928.450,99.888
"139905","Chisum ISD",528.402,130570.432,204.016
"226901","Christoval ISD",808.753,199846.365,312.260
"067902","Cisco ISD",568.972,140595.544,219.681
"243906","City View ISD",36.855,9107.012,14.230
"065901","Clarendon ISD",2264.055,559457.957,874.153
"194904","Clarksville ISD",1228.667,303608.946,474.389
"006902","Claude ISD",2132.458,526939.677,823.343
"084910","Clear Creek ISD",272.346,67297.948,105.153
"126903","Cleburne ISD",507.325,125362.111,195.878
"146901","Cleveland ISD",372.784,92116.648,143.932
"018901","Clifton ISD",569.189,140648.977,219.764
"071901","Clint ISD",977.427,241526.374,377.385
"030902","Clyde Cons ISD",880.124,217482.541,339.817
"114902","Coahoma ISD",787.205,194521.767,303.940
"204901","Coldspring-Oakhurst Cons ISD",1062.925,262653.411,410.396
"042901","Coleman ISD",1197.937,296015.467,462.524
"021901","College Station ISD",266.398,65828.024,102.856
"091902","Collinsville ISD",136.385,33701.340,52.658
"229901","Colmesneil ISD",563.677,139287.017,217.636
"168901","Colorado ISD",1125.162,278032.347,434.426
"020907","Columbia-Brazoria ISD",644.930,159365.088,249.008
"045902","Columbus ISD",1037.902,256470.165,400.735
"046902","Comal ISD",1522.878,376309.876,587.984
"047901","Comanche ISD",858.592,212161.863,331.503
"130902","Comfort ISD",985.606,243547.497,380.543
"116903","Commerce ISD",298.047,73648.610,115.076
"043918","Community ISD",189.649,46862.996,73.223
"112908","Como-Pickton Cons ISD",316.939,78316.983,122.370
"233903","Comstock ISD",5977.627,1477097.791,2307.966
"161921","Connally ISD",84.962,20994.571,32.804
"170902","Conroe ISD",899.260,222210.995,347.205
"147901","Coolidge ISD",367.334,90769.806,141.828
"060902","Cooper ISD",603.638,149161.543,233.065
"057922","Coppell ISD",64.451,15926.013,24.884
"050910","Copperas Cove ISD",169.514,41887.646,65.449
"178904","Corpus Christi ISD",434.372,107335.161,167.711
"187904","Corrigan-Camden ISD",711.584,175835.522,274.743
"175903","Corsicana ISD",587.233,145107.841,226.731
"095902","Cotton Center ISD",341.537,84395.217,131.868
"142901","Cotulla ISD",3608.726,891732.068,1393.332
"246914","Coupland ISD",110.335,27264.286,42.600
"109903","Covington ISD",112.470,27791.948,43.425
"129901","Crandall ISD",218.863,54081.928,84.503
"052901","Crane ISD",2035.015,502861.112,785.721
"018908","Cranfills Gap ISD",376.502,93035.364,145.368
"161901","Crawford ISD",293.924,72629.857,113.484
"053001","Crockett County Cons CSD",7270.989,1796693.215,2807.334
"113901","Crockett ISD",592.233,146343.280,228.661
"101906","Crosby ISD",210.912,52117.255,81.433
"054901","Crosbyton Cons ISD",1223.633,302365.119,472.446
"030901","Cross Plains ISD",903.904,223358.735,348.998
"107904","Cross Roads ISD",290.456,71772.846,112.145
"078901","Crowell ISD",2301.176,568630.564,888.486
"220912","Crowley ISD",150.179,37109.850,57.984
"254901","Crystal City ISD",1669.936,412648.460,644.763
"062901","Cuero ISD",695.044,171748.392,268.357
"055901","Culberson County-Allamore ISD",12590.522,3111173.041,4861.209
"112905","Cumby ISD",177.220,43791.742,68.425
"174902","Cushing ISD",391.188,96664.271,151.038
"101907","Cypress-Fairbanks ISD",488.058,120601.365,188.440
"172902","Daingerfield-Lone Star ISD",339.369,83859.561,131.031
"056901","Dalhart ISD",2182.130,539213.942,842.522
"057905","Dallas ISD",991.037,244889.509,382.640
"020910","Damon ISD",160.097,39560.740,61.814
"020904","Danbury ISD",172.234,42559.776,66.500
"148905","Darrouzett ISD",489.433,120941.144,188.971
"058902","Dawson ISD (Dawson)",357.686,88385.728,138.103
"175904","Dawson ISD (Navarro)",437.019,107989.413,168.734
"146902","Dayton ISD",678.519,167664.911,261.976
"019901","De Kalb ISD",676.410,167143.949,261.162
"047902","De Leon ISD",631.898,156144.782,243.976
"249905","Decatur ISD",553.683,136817.400,213.777
"101908","Deer Park ISD",103.199,25500.877,39.845
"227910","Del Valle ISD",440.916,108952.223,170.238
"115903","Dell City ISD",1599.681,395288.244,617.638
"091903","Denison ISD",251.856,62234.729,97.242
"061901","Denton ISD",439.758,108666.064,169.791
"251901","Denver City ISD",404.517,99957.923,156.184
"057906","DeSoto ISD",57.988,14329.099,22.389
"194905","Detroit ISD",577.394,142676.607,222.932
"146903","Devers ISD",399.411,98696.222,154.213
"163901","Devine ISD",512.223,126572.554,197.770
"081906","Dew ISD",156.642,38706.893,60.480
"176903","Deweyville ISD",441.622,109126.846,170.511
"163902","D'Hanis ISD",987.771,244082.570,381.379
"003905","Diboll ISD",297.112,73417.603,114.715
"084901","Dickinson ISD",239.871,59273.245,92.614
"082902","Dilley ISD",886.032,218942.263,342.097
"144903","Dime Box ISD",246.082,60807.995,95.013
"035901","Dimmitt ISD",1158.550,286282.732,447.317
"133905","Divide ISD",727.495,179767.208,280.886
"074904","Dodd City ISD",117.464,29025.762,45.353
"108902","Donna ISD",227.704,56266.594,87.917
"086024","Doss Cons CSD",343.294,84829.403,132.546
"174911","Douglass ISD",232.896,57549.672,89.921
"105904","Dripping Springs ISD",504.701,124713.739,194.865
"178905","Driscoll ISD",120.555,29789.557,46.546
"072902","Dublin ISD",660.421,163192.843,254.989
"171901","Dumas ISD",1968.087,486322.891,759.880
"057907","Duncanville ISD",76.473,18896.715,29.526
"220918","Eagle Mountain-Saginaw ISD",191.988,47441.070,74.127
"159901","Eagle Pass ISD",3345.690,826734.700,1291.773
"227909","Eanes ISD",88.822,21948.351,34.294
"025909","Early ISD",217.921,53849.319,84.140
"241902","East Bernard ISD",468.028,115651.649,180.706
"015911","East Central ISD",517.098,127777.262,199.652
"036903","East Chambers ISD",393.926,97340.956,152.095
"067903","Eastland ISD",668.568,165206.047,258.135
"068901","Ector County ISD",2335.568,577129.053,901.764
"074905","Ector ISD",73.770,18228.844,28.483
"108903","Edcouch-Elsa ISD",72.615,17943.531,28.037
"048901","Eden Cons ISD",1424.928,352105.880,550.166
"015905","Edgewood ISD (Bexar)",43.430,10731.699,16.768
"234903","Edgewood ISD (Van Zandt)",195.047,48196.967,75.308
"108904","Edinburg Cons ISD",2154.720,532440.631,831.939
"120901","Edna ISD",990.639,244791.104,382.486
"241903","El Campo ISD",1146.688,283351.673,442.737
"071902","El Paso ISD",541.543,133817.708,209.090
"243902","Electra ISD",557.290,137708.879,215.170
"011902","Elgin ISD",427.853,105724.308,165.194
"001903","Elkhart ISD",421.975,104271.901,162.925
"102906","Elysian Fields ISD",372.121,91952.735,143.676
"070903","Ennis ISD",674.729,166728.456,260.513
"049906","Era ISD",390.212,96422.978,150.661
"174910","Etoile ISD",195.911,48410.483,75.641
"030906","Eula ISD",301.314,74455.913,116.337
"107905","Eustace ISD",204.182,50454.150,78.835
"121906","Evadale ISD",72.737,17973.540,28.084
"050901","Evant ISD",654.679,161774.082,252.772
"220904","Everman ISD",46.573,11508.426,17.982
"210906","Excelsior ISD",70.397,17395.474,27.180
"143906","Ezzell ISD",432.091,106771.679,166.831
"071903","Fabens ISD",153.279,37875.916,59.181
"081902","Fairfield ISD",1194.810,295242.887,461.317
"128904","Falls City ISD",345.624,85405.130,133.446
"060914","Fannindel ISD",264.771,65426.007,102.228
"043904","Farmersville ISD",222.318,54935.790,85.837
"185902","Farwell ISD",428.468,105876.294,165.432
"075906","Fayetteville ISD",222.279,54926.170,85.822
"070905","Ferris ISD",207.614,51302.298,80.160
"075901","Flatonia ISD",636.593,157304.925,245.789
"246902","Florence ISD",371.171,91717.958,143.309
"247901","Floresville ISD",726.882,179615.663,280.650
"178914","Flour Bluff ISD",454.309,112261.762,175.409
"077901","Floydada ISD",1651.225,408024.800,637.539
"148902","Follett ISD",672.304,166129.359,259.577
"169910","Forestburg ISD",330.491,81665.825,127.603
"129902","Forney ISD",211.170,52181.097,81.533
"114904","Forsan ISD",542.136,133964.158,209.319
"079907","Fort Bend ISD",440.014,108729.458,169.890
"122901","Fort Davis ISD",3537.474,874125.386,1365.821
"242906","Fort Elliott Cons ISD",1281.383,316635.289,494.743
"115901","Fort Hancock ISD",4429.543,1094559.451,1710.250
"015914","Fort Sam Houston ISD",13.733,3393.381,5.302
"186902","Fort Stockton ISD",7843.935,1938270.716,3028.549
"220905","Fort Worth ISD",544.333,134507.154,210.167
"198903","Franklin ISD",1037.865,256461.078,400.721
"001904","Frankston ISD",234.220,57876.745,90.432
"086901","Fredericksburg ISD",1971.698,487215.216,761.274
"066903","Freer ISD",1049.384,259307.366,405.168
"152907","Frenship ISD",316.140,78119.583,122.062
"084911","Friendswood ISD",42.851,10588.556,16.545
"185903","Friona ISD",899.995,222392.789,347.489
"043905","Frisco ISD",194.528,48068.832,75.108
"175905","Frost ISD",225.186,55644.403,86.944
"234909","Fruitvale ISD",75.981,18775.251,29.336
"049901","Gainesville ISD",204.595,50556.326,78.994
"101910","Galena Park ISD",87.525,21627.784,33.793
"084902","Galveston ISD",1010.016,249579.442,389.968
"120902","Ganado ISD",402.783,99529.548,155.515
"057909","Garland ISD",241.579,59695.164,93.274
"184911","Garner ISD",133.389,32961.034,51.502
"174903","Garrison ISD",278.579,68838.106,107.560
"183904","Gary ISD",174.603,43145.261,67.414
"050902","Gatesville ISD",1264.755,312526.578,488.323
"166902","Gause ISD",199.286,49244.441,76.944
"149901","George West ISD",1576.792,389632.132,608.800
"246904","Georgetown ISD",468.726,115824.211,180.975
"161925","Gholson ISD",52.211,12901.531,20.159
"144901","Giddings ISD",678.322,167616.357,261.901
"230902","Gilmer ISD",553.985,136892.066,213.894
"092901","Gladewater ISD",283.497,70053.312,109.458
"087901","Glasscock ISD",2333.799,576691.822,901.081
"213901","Glen Rose ISD",512.330,126599.102,197.811
"126911","Godley ISD",322.197,79616.272,124.400
"169906","Gold-Burg ISD",399.013,98597.913,154.059
"167901","Goldthwaite Cons ISD",1077.079,266150.989,415.861
"088902","Goliad ISD",2225.749,549992.260,859.363
"089901","Gonzales ISD",1353.542,334466.210,522.604
"187903","Goodrich ISD",106.047,26204.557,40.945
"101911","Goose Creek Consolidated ISD",348.667,86157.235,134.621
"182901","Gordon ISD",421.189,104077.639,162.621
"067904","Gorman ISD",311.740,77032.431,120.363
"156905","Grady ISD",773.115,191039.992,298.500
"182902","Graford ISD",613.307,151550.761,236.798
"252901","Graham ISD",1401.006,346194.715,540.929
"111901","Granbury ISD",652.076,161130.719,251.767
"057910","Grand Prairie ISD",138.536,34232.890,53.489
"234904","Grand Saline ISD",273.687,67629.283,105.671
"238904","Grandfalls-Royalty ISD",473.859,117092.690,182.957
"126904","Grandview ISD",203.325,50242.464,78.504
"090905","Grandview-Hopkins ISD",335.101,82804.907,129.383
"246905","Granger ISD",256.256,63321.880,98.940
"226907","Grape Creek ISD",445.292,110033.552,171.927
"113902","Grapeland ISD",589.351,145631.304,227.549
"220906","Grapevine-Colleyville ISD",138.280,34169.534,53.390
"116905","Greenville ISD",347.133,85778.045,134.028
"165902","Greenwood ISD",345.183,85296.299,133.276
"205902","Gregory-Portland ISD",271.147,67001.606,104.690
"147902","Groesbeck ISD",1294.358,319841.452,499.752
"033901","Groom ISD",621.869,153666.453,240.104
"228901","Groveton ISD",1029.660,254433.471,397.552
"098901","Gruver ISD",1359.663,335978.640,524.967
"091917","Gunter ISD",171.776,42446.638,66.323
"047903","Gustine ISD",301.284,74448.603,116.326
"135001","Guthrie CSD",2254.682,557141.794,870.534
"095903","Hale Center ISD",405.968,100316.531,156.745
"143901","Hallettsville ISD",1290.270,318831.467,498.174
"161924","Hallsburg ISD",83.468,20625.265,32.227
"102904","Hallsville ISD",474.994,117372.970,183.395
"097902","Hamilton ISD",1348.771,333287.113,520.761
"127903","Hamlin ISD",714.764,176621.338,275.971
"123914","Hamshire-Fannett ISD",689.062,170270.208,266.047
"219901","Happy ISD",1048.288,259036.551,404.745
"146904","Hardin ISD",550.112,135934.998,212.398
"100905","Hardin-Jefferson ISD",776.758,191940.350,299.907
"015904","Harlandale ISD",37.515,9270.010,14.484
"102905","Harleton ISD",246.204,60838.198,95.060
"031903","Harlingen Cons ISD",224.406,55451.741,86.643
"230905","Harmony ISD",292.785,72348.449,113.044
"086902","Harper ISD",1002.394,247695.971,387.025
"244901","Harrold ISD",526.764,130165.757,203.384
"035902","Hart ISD",402.376,99428.934,155.358
"103902","Hartley ISD",959.201,237022.697,370.348
"225907","Harts Bluff ISD",75.794,18728.910,29.264
"104901","Haskell Cons ISD",1148.085,283696.809,443.276
"250902","Hawkins ISD",271.102,66990.407,104.673
"127904","Hawley ISD",311.684,77018.515,120.341
"105906","Hays Cons ISD",561.916,138851.835,216.956
"198905","Hearne ISD",290.377,71753.428,112.115
"065902","Hedley ISD",792.682,195875.172,306.055
"202903","Hemphill ISD",1053.642,260359.509,406.812
"237902","Hempstead ISD",380.786,94093.913,147.022
"201902","Henderson ISD",947.796,234204.646,365.945
"039902","Henrietta ISD",1119.639,276667.795,432.294
"059901","Hereford ISD",1836.188,453729.984,708.953
"208901","Hermleigh ISD",396.604,98002.570,153.129
"097903","Hico ISD",530.064,130981.028,204.658
"108905","Hidalgo ISD",87.588,21643.261,33.818
"148903","Higgins ISD",602.212,148809.252,232.515
"084903","High Island ISD",259.491,64121.368,100.190
"177905","Highland ISD",667.859,165030.899,257.861
"057911","Highland Park ISD (Dallas)",16.140,3988.291,6.232
"188903","Highland Park ISD (Potter)",485.262,119910.401,187.360
"109904","Hillsboro ISD",333.031,82293.336,128.583
"084908","Hitchcock ISD",225.844,55807.063,87.199
"014905","Holland ISD",205.976,50897.669,79.528
"005902","Holliday ISD",627.456,155047.153,242.261
"163904","Hondo ISD",1390.478,343593.177,536.864
"074907","Honey Grove ISD",573.700,141763.867,221.506
"019902","Hooks ISD",166.884,41237.645,64.434
"101912","Houston ISD",863.449,213362.036,333.378
"091905","Howe ISD",193.619,47844.145,74.756
"019913","Hubbard ISD (Bowie)",46.625,11521.144,18.002
"109905","Hubbard ISD (Hill)",164.534,40657.149,63.527
"072908","Huckabay ISD",409.944,101298.897,158.280
"003902","Hudson ISD",199.056,49187.628,76.856
"101925","Huffman ISD",136.698,33778.744,52.779
"034903","Hughes Springs ISD",300.771,74321.827,116.128
"146905","Hull-Daisetta ISD",216.870,53589.643,83.734
"101913","Humble ISD",237.055,58577.409,91.527
"133902","Hunt ISD",452.817,111893.091,174.833
"003904","Huntington ISD",502.558,124184.378,194.038
"236902","Huntsville ISD",1547.178,382314.450,597.366
"220916","Hurst-Euless-Bedford ISD",122.168,30188.311,47.169
"246906","Hutto ISD",176.335,43573.260,68.083
"152910","Idalou ISD",317.588,78477.317,122.621
"120905","Industrial ISD",743.738,183780.786,287.158
"205903","Ingleside ISD",60.740,15009.189,23.452
"133904","Ingram ISD",541.670,133849.085,209.139
"093903","Iola ISD",346.995,85744.010,133.975
"243903","Iowa Park Cons ISD",458.542,113307.759,177.043
"208903","Ira ISD",317.981,78574.497,122.773
"186903","Iraan-Sheffield ISD",2237.153,552810.187,863.766
"018906","Iredell ISD",386.338,95465.847,149.165
"118902","Irion County ISD",2723.711,673040.955,1051.627
"057912","Irving ISD",132.531,32749.095,51.170
"070907","Italy ISD",155.524,38430.771,60.048
"109907","Itasca ISD",349.134,86272.562,134.801
"119902","Jacksboro ISD",1507.369,372477.471,581.996
"037904","Jacksonville ISD",676.150,167079.600,261.062
"246907","Jarrell ISD",212.498,52509.270,82.046
"121904","Jasper ISD",1088.854,269060.563,420.407
"132902","Jayton-Girard ISD",2064.175,510066.591,796.979
"155901","Jefferson ISD",1044.512,258103.538,403.287
"124901","Jim Hogg County ISD",2942.733,727162.187,1136.191
"221911","Jim Ned Cons ISD",941.627,232680.128,363.563
"210902","Joaquin ISD",350.334,86568.961,135.264
"016901","Johnson City ISD",1392.182,344014.247,537.522
"050909","Jonesboro ISD",453.684,112107.363,175.168
"126905","Joshua ISD",197.336,48762.631,76.192
"007902","Jourdanton ISD",723.824,178859.958,279.469
"015916","Judson ISD",144.544,35717.402,55.808
"134901","Junction ISD",2855.263,705548.052,1102.419
"102901","Karnack ISD",362.325,89531.982,139.894
"128901","Karnes City ISD",936.555,231426.939,361.605
"101914","Katy ISD",446.903,110431.707,172.550
"129903","Kaufman ISD",430.058,106269.101,166.046
"126906","Keene ISD",12.975,3206.132,5.010
"220907","Keller ISD",131.419,32474.205,50.741
"242905","Kelton ISD",345.897,85472.600,133.551
"129904","Kemp ISD",441.193,109020.765,170.345
"131001","Kenedy County-Wide CSD",5021.608,1240861.400,1938.846
"128902","Kenedy ISD",346.798,85695.339,133.899
"113906","Kennard ISD",854.990,211271.661,330.112
"220914","Kennedale ISD",27.510,6797.776,10.622
"175907","Kerens ISD",567.362,140197.703,219.059
"248901","Kermit ISD",1035.300,255827.277,399.730
"133903","Kerrville ISD",427.655,105675.475,165.118
"092902","Kilgore ISD",255.821,63214.406,98.773
"014906","Killeen ISD",926.175,228862.005,357.597
"137901","Kingsville ISD",267.363,66066.635,103.229
"121905","Kirbyville Cons ISD",637.824,157609.091,246.264
"101915","Klein ISD",214.153,52918.146,82.685
"058905","Klondike ISD",1482.280,366277.851,572.309
"232901","Knippa ISD",270.637,66875.664,104.493
"138902","Knox City-O'Brien Cons ISD",373.335,92252.752,144.145
"018907","Kopperl ISD",298.305,73712.396,115.176
"100903","Kountze ISD",658.083,162615.137,254.086
"219905","Kress ISD",677.403,167389.259,261.546
"061905","Krum ISD",189.559,46840.752,73.189
"031905","La Feria ISD",91.702,22659.889,35.406
"125906","La Gloria ISD",118.841,29366.237,45.885
"075902","La Grange ISD",819.298,202452.028,316.331
"108912","La Joya ISD",541.861,133896.203,209.213
"101916","La Porte ISD",148.130,36603.602,57.193
"254902","La Pryor ISD",797.129,196974.137,307.772
"161906","La Vega ISD",86.894,21471.876,33.550
"247903","La Vernia ISD",293.727,72581.172,113.408
"108914","La Villa ISD",91.860,22699.013,35.467
"015913","Lackland ISD",26.835,6630.952,10.361
"227912","Lago Vista ISD",90.383,22333.997,34.897
"061912","Lake Dallas ISD",44.744,11056.353,17.276
"227913","Lake Travis ISD",303.200,74922.000,117.066
"220910","Lake Worth ISD",22.315,5514.252,8.616
"079901","Lamar Cons ISD",1000.310,247181.005,386.220
"058906","Lamesa ISD",890.365,220013.137,343.771
"141901","Lampasas ISD",1573.122,388725.200,607.383
"057913","Lancaster ISD",97.094,23992.396,37.488
"201903","Laneville ISD",326.449,80666.966,126.042
"107910","Lapoynor ISD",389.691,96294.439,150.460
"240901","Laredo ISD",34.781,8594.558,13.429
"245901","Lasara ISD",170.906,42231.656,65.987
"113905","Latexo ISD",249.711,61704.578,96.413
"185904","Lazbuddie ISD",514.980,127253.910,198.834
"193902","Leakey ISD",1102.554,272445.850,425.697
"246913","Leander ISD",516.865,127719.534,199.562
"019914","Leary ISD",25.421,6281.649,9.815
"090902","Lefors ISD",371.960,91913.008,143.614
"187906","Leggett ISD",234.069,57839.374,90.374
"145911","Leon ISD",801.901,198153.315,309.615
"074909","Leonard ISD",169.391,41857.322,65.402
"110902","Levelland ISD",821.059,202887.174,317.011
"201904","Leveretts Chapel ISD",30.372,7504.992,11.727
"061902","Lewisville ISD",324.540,80195.352,125.305
"144902","Lexington ISD",752.776,186014.327,290.647
"246908","Liberty Hill ISD",285.425,70529.769,110.203
"146906","Liberty ISD",344.728,85183.908,133.100
"019908","Liberty-Eylau ISD",186.109,45988.338,71.857
"212903","Lindale ISD",418.271,103356.551,161.495
"034905","Linden-Kildare Cons ISD",710.627,175599.018,274.374
"049907","Lindsay ISD",105.973,26186.272,40.916
"072909","Lingleville ISD",314.783,77784.342,121.538
"111902","Lipan ISD",311.827,77053.823,120.397
"181908","Little Cypress-Mauriceville Cons ISD",260.563,64386.247,100.604
"061914","Little Elm ISD",100.742,24893.810,38.897
"140904","Littlefield ISD",573.654,141752.524,221.488
"187907","Livingston ISD",871.679,215395.810,336.556
"150901","Llano ISD",2341.242,578531.198,903.955
"028902","Lockhart ISD",873.578,215864.910,337.289
"077902","Lockney ISD",652.364,161201.924,251.878
"160905","Lohn ISD",441.185,109018.667,170.342
"141902","Lometa ISD",638.610,157803.279,246.568
"178906","London ISD",225.465,55713.267,87.052
"116906","Lone Oak ISD",235.437,58177.454,90.902
"092903","Longview ISD",280.805,69388.249,108.419
"083902","Loop ISD",556.605,137539.489,214.906
"168902","Loraine ISD",424.947,105006.164,164.072
"161907","Lorena ISD",158.435,39150.010,61.172
"054902","Lorenzo ISD",508.932,125759.350,196.499
"031906","Los Fresnos Cons ISD",1258.051,310869.866,485.734
"241906","Louise ISD",446.397,110306.600,172.354
"043919","Lovejoy ISD",44.136,10906.103,17.041
"113903","Lovelady ISD",845.213,208855.879,326.337
"152901","Lubbock ISD",225.809,55798.367,87.185
"152906","Lubbock-Cooper ISD",303.993,75118.047,117.372
"127905","Lueders-Avoca ISD",614.504,151846.691,237.261
"003903","Lufkin ISD",421.311,104107.683,162.668
"028903","Luling ISD",298.908,73861.350,115.408
"100907","Lumberton ISD",154.357,38142.340,59.597
"245902","Lyford Cons ISD",920.989,227580.425,355.595
"007904","Lytle ISD",113.173,27965.443,43.696
"129905","Mabank ISD",335.864,82993.341,129.677
"154901","Madisonville Cons ISD",1076.644,266043.336,415.693
"170906","Magnolia ISD",391.019,96622.444,150.973
"107906","Malakoff ISD",289.262,71477.858,111.684
"109908","Malone ISD",119.286,29476.198,46.057
"019910","Malta ISD",43.829,10830.354,16.922
"227907","Manor ISD",232.366,57418.545,89.717
"220908","Mansfield ISD",243.688,60216.379,94.088
"022902","Marathon ISD",5259.773,1299712.856,2030.802
"027904","Marble Falls ISD",768.725,189955.215,296.805
"189901","Marfa ISD",7892.174,1950190.776,3047.174
"094904","Marion ISD",216.953,53610.072,83.766
"073903","Marlin ISD",786.058,194238.352,303.498
"102902","Marshall ISD",907.073,224141.611,350.221
"161908","Mart ISD",409.323,101145.555,158.040
"234905","Martins Mill ISD",167.656,41428.465,64.732
"174909","Martinsville ISD",170.823,42211.204,65.955
"157901","Mason ISD",2574.892,636267.093,994.168
"158904","Matagorda ISD",370.517,91556.398,143.057
"205904","Mathis ISD",443.307,109543.117,171.161
"019903","Maud ISD",104.118,25727.916,40.200
"025905","May ISD",537.566,132834.881,207.555
"070915","Maypearl ISD",204.775,50600.794,79.064
"108906","McAllen ISD",92.089,22755.702,35.556
"231901","McCamey ISD",1058.993,261681.825,408.878
"011905","McDade ISD",168.877,41730.227,65.203
"161909","McGregor ISD",214.324,52960.309,82.751
"043907","McKinney ISD",282.303,69758.329,108.997
"090903","McLean ISD",935.642,231201.173,361.252
"034906","McLeod ISD",85.764,21192.666,33.114
"162904","McMullen County ISD",2996.052,740337.586,1156.778
"223902","Meadow ISD",404.479,99948.576,156.170
"010901","Medina ISD",793.911,196178.923,306.530
"163908","Medina Valley ISD",754.093,186339.686,291.156
"043908","Melissa ISD",81.354,20103.027,31.411
"096904","Memphis ISD",1731.085,427758.708,668.373
"164901","Menard ISD",2247.187,555289.682,867.640
"108907","Mercedes ISD",118.356,29246.287,45.697
"018902","Meridian ISD",375.234,92722.073,144.878
"221904","Merkel ISD",718.206,177471.817,277.300
"057914","Mesquite ISD",142.497,35211.748,55.018
"147903","Mexia ISD",441.184,109018.471,170.341
"062906","Meyersville ISD",248.491,61403.114,95.942
"197902","Miami ISD",2015.109,497942.307,778.035
"165901","Midland ISD",1991.115,492013.283,768.771
"070908","Midlothian ISD",292.579,72297.520,112.965
"039905","Midway ISD (Clay)",669.671,165478.533,258.560
"161903","Midway ISD (McLennan)",225.737,55780.482,87.157
"166903","Milano ISD",351.207,86784.702,135.601
"175910","Mildred ISD",223.279,55173.202,86.208
"200902","Miles ISD",366.498,90563.322,141.505
"070909","Milford ISD",156.770,38738.657,60.529
"112907","Miller Grove ISD",174.600,43144.459,67.413
"184904","Millsap ISD",244.119,60322.890,94.255
"250903","Mineola ISD",234.461,57936.431,90.526
"182903","Mineral Wells ISD",334.249,82594.508,129.054
"108908","Mission Cons ISD",108.477,26805.083,41.883
"238902","Monahans-Wickett-Pyote ISD",1294.948,319987.337,499.980
"169908","Montague ISD",65.672,16227.952,25.356
"108915","Monte Alto ISD",119.833,29611.223,46.268
"170903","Montgomery ISD",604.201,149300.732,233.282
"161910","Moody ISD",264.355,65323.360,102.068
"209902","Moran ISD",536.715,132624.685,207.226
"018903","Morgan ISD",161.495,39906.183,62.353
"072910","Morgan Mill ISD",192.267,47509.953,74.234
"040901","Morton ISD",598.855,147979.669,231.218
"173901","Motley County ISD",2638.310,651937.926,1018.653
"143902","Moulton ISD",287.377,71012.127,110.956
"109910","Mount Calm ISD",127.236,31440.560,49.126
"201907","Mount Enterprise ISD",198.041,48936.862,76.464
"225902","Mount Pleasant ISD",604.026,149257.379,233.215
"080901","Mount Vernon ISD",652.262,161176.700,251.839
"049902","Muenster ISD",494.433,122176.595,190.901
"009901","Muleshoe ISD",1212.447,299600.902,468.127
"167902","Mullin ISD",635.013,156914.609,245.179
"198906","Mumford ISD",104.569,25839.382,40.374
"138903","Munday Cons ISD",505.369,124878.889,195.123
"107908","Murchison ISD",32.134,7940.398,12.407
"174904","Nacogdoches ISD",578.012,142829.403,223.171
"163903","Natalia ISD",106.534,26324.968,41.133
"094903","Navarro ISD",223.437,55212.269,86.269
"093904","Navasota ISD",953.142,235525.531,368.009
"035903","Nazareth ISD",281.125,69467.223,108.543
"001906","Neches ISD",214.030,52887.782,82.637
"123905","Nederland ISD",49.035,12116.704,18.932
"079906","Needville ISD",519.741,128430.320,200.672
"019905","New Boston ISD",277.147,68484.125,107.006
"046901","New Braunfels ISD",196.754,48618.729,75.967
"170908","New Caney ISD",224.440,55460.021,86.656
"152902","New Deal ISD",312.257,77159.975,120.562
"230906","New Diana ISD",136.707,33780.793,52.783
"153905","New Home ISD",350.541,86620.329,135.344
"037908","New Summerfield ISD",152.699,37732.475,58.957
"236901","New Waverly ISD",268.591,66369.956,103.703
"252902","Newcastle ISD",567.413,140210.347,219.079
"176902","Newton ISD",1020.938,252278.363,394.185
"089903","Nixon-Smiley Cons ISD",963.421,238065.549,371.978
"169902","Nocona ISD",415.162,102588.260,160.294
"062902","Nordheim ISD",273.811,67659.796,105.718
"145906","Normangee ISD",462.219,114216.402,178.463
"015910","North East ISD",343.965,84995.217,132.805
"112906","North Hopkins ISD",267.170,66018.856,103.154
"139911","North Lamar ISD",1067.284,263730.449,412.079
"154903","North Zulch ISD",215.053,53140.518,83.032
"015915","Northside ISD (Bexar)",822.751,203305.397,317.665
"244905","Northside ISD (Wilbarger)",241.029,59559.408,93.062
"061911","Northwest ISD",608.241,150298.991,234.842
"069902","Nueces Canyon Cons ISD",2333.681,576662.657,901.036
"235904","Nursery ISD",137.458,33966.532,53.073
"145907","Oakwood ISD",405.527,100207.512,156.574
"205905","Odem-Edroy ISD",297.072,73407.744,114.700
"153903","O'Donnell ISD",843.170,208350.983,325.549
"050904","Oglesby ISD",181.964,44964.023,70.256
"200906","Olfen ISD",56.590,13983.708,21.850
"252903","Olney ISD",939.787,232225.472,362.852
"140905","Olton ISD",900.432,222500.750,347.658
"187910","Onalaska ISD",189.067,46719.251,72.999
"125903","Orange Grove ISD",479.593,118509.610,185.171
"181905","Orangefield ISD",185.519,45842.626,71.629
"230903","Ore City ISD",185.633,45870.602,71.673
"201908","Overton ISD",52.213,12902.113,20.160
"051901","Paducah ISD",2078.133,513515.636,802.368
"104907","Paint Creek ISD",609.265,150552.088,235.238
"048903","Paint Rock ISD",824.991,203858.979,318.530
"158905","Palacios ISD",1522.938,376324.709,588.008
"001907","Palestine ISD",573.393,141687.813,221.387
"070910","Palmer ISD",142.764,35277.556,55.121
"182906","Palo Pinto ISD",453.749,112123.254,175.193
"090904","Pampa ISD",1173.798,290050.691,453.204
"033902","Panhandle ISD",1452.908,359019.988,560.969
"042905","Panther Creek Cons ISD",1433.262,354165.283,553.383
"249906","Paradise ISD",187.758,46395.883,72.494
"139909","Paris ISD",58.938,14563.728,22.756
"101917","Pasadena ISD",157.000,38795.263,60.618
"063906","Patton Springs ISD",1010.042,249585.780,389.978
"013902","Pawnee ISD",391.029,96625.019,150.977
"020908","Pearland ISD",113.383,28017.477,43.777
"082903","Pearsall ISD",1931.689,477328.753,745.826
"184908","Peaster ISD",147.574,36466.163,56.978
"195901","Pecos-Barstow-Toyah ISD",5848.812,1445266.941,2258.230
"109914","Penelope ISD",127.237,31440.799,49.126
"119903","Perrin-Whitt Cons ISD",450.795,111393.385,174.052
"179901","Perryton ISD",2046.703,505749.149,790.233
"095904","Petersburg ISD",394.410,97460.393,152.282
"039903","Petrolia Cons ISD",564.411,139468.319,217.919
"013903","Pettus ISD",467.181,115442.395,180.379
"172905","Pewitt Cons ISD",585.149,144592.815,225.926
"227904","Pflugerville ISD",198.631,49082.584,76.692
"108909","Pharr-San Juan-Alamo ISD",142.924,35317.266,55.183
"061903","Pilot Point ISD",323.877,80031.451,125.049
"092904","Pine Tree ISD",73.327,18119.510,28.312
"032902","Pittsburg ISD",576.519,142460.396,222.594
"251902","Plains ISD",1553.192,383800.465,599.688
"095905","Plainview ISD",1028.268,254089.629,397.015
"043910","Plano ISD",249.626,61683.625,96.381
"019912","Pleasant Grove ISD",147.814,36525.532,57.071
"007905","Pleasanton ISD",1155.001,285405.866,445.947
"117904","Plemons-Stinnett-Phillips Cons ISD",901.903,222864.255,348.225
"031909","Point Isabel ISD",794.953,196436.439,306.932
"061906","Ponder ISD",138.650,34260.993,53.533
"184901","Poolville ISD",190.398,47048.123,73.513
"178908","Port Aransas ISD",283.960,70167.789,109.637
"123907","Port Arthur ISD",211.810,52339.170,81.780
"123908","Port Neches-Groves ISD",70.260,17361.673,27.128
"085902","Post ISD",2042.204,504637.446,788.496
"007906","Poteet ISD",445.862,110174.369,172.147
"247904","Poth ISD",550.686,136076.848,212.620
"091913","Pottsboro ISD",250.198,61825.078,96.602
"028906","Prairie Lea ISD",95.155,23513.106,36.739
"169909","Prairie Valley ISD",266.965,65968.283,103.075
"139912","Prairiland ISD",624.756,154379.951,241.219
"125905","Premont ISD",437.819,108186.940,169.042
"189902","Presidio ISD",2094.651,517597.448,808.746
"167904","Priddy ISD",258.628,63908.157,99.857
"043911","Princeton ISD",163.991,40522.776,63.317
"098903","Pringle-Morse Cons ISD",960.074,237238.418,370.685
"108910","Progreso ISD",57.591,14230.977,22.236
"043912","Prosper ISD",152.777,37751.795,58.987
"099903","Quanah ISD",1450.754,358487.599,560.137
"034907","Queen City ISD",293.163,72441.809,113.190
"116908","Quinlan ISD",386.495,95504.644,149.226
"250904","Quitman ISD",394.290,97430.851,152.236
"190903","Rains ISD",607.563,150131.494,234.581
"054903","Ralls ISD",786.156,194262.508,303.535
"066005","Ramirez CSD",324.996,80307.992,125.481
"015906","Randolph Field ISD",10.984,2714.165,4.241
"067907","Ranger ISD",482.565,119243.896,186.319
"231902","Rankin ISD",2156.483,532876.338,832.620
"245903","Raymondville ISD",329.486,81417.519,127.215
"192901","Reagan County ISD",3045.842,752640.817,1176.002
"019911","Red Lick ISD",25.153,6215.373,9.712
"070911","Red Oak ISD",95.842,23683.047,37.005
"019906","Redwater ISD",234.225,57877.982,90.434
"196903","Refugio ISD",1049.189,259259.245,405.093
"137902","Ricardo ISD",208.004,51398.720,80.311
"045903","Rice Cons ISD",1079.215,266678.627,416.685
"175911","Rice ISD",164.742,40708.577,63.607
"093905","Richards ISD",319.729,79006.392,123.448
"057916","Richardson ISD",119.657,29567.885,46.200
"206902","Richland Springs ISD",898.114,221927.804,346.762
"161912","Riesel ISD",152.241,37619.402,58.780
"214901","Rio Grande City Cons ISD",1249.119,308662.683,482.286
"031911","Rio Hondo ISD",217.112,53649.426,83.827
"126907","Rio Vista ISD",201.895,49889.123,77.952
"067908","Rising Star ISD",328.433,81157.155,126.808
"188902","River Road ISD",408.325,100898.773,157.654
"194903","Rivercrest ISD",612.618,151380.549,236.532
"137903","Riviera ISD",1854.709,458306.790,716.105
"041902","Robert Lee ISD",1240.049,306421.500,478.784
"161922","Robinson ISD",179.879,44448.859,69.451
"178909","Robstown ISD",210.388,51987.731,81.231
"076903","Roby Cons ISD",851.480,210404.335,328.757
"160904","Rochelle ISD",831.652,205504.840,321.101
"166904","Rockdale ISD",588.857,145509.236,227.358
"069901","Rocksprings ISD",4210.611,1040460.344,1625.720
"199901","Rockwall ISD",279.423,69046.661,107.885
"014907","Rogers ISD",365.202,90242.939,141.005
"214903","Roma ISD",1331.157,328934.691,513.961
"152908","Roosevelt ISD",283.614,70082.210,109.503
"110905","Ropes ISD",409.091,101088.239,157.950
"177901","Roscoe Collegiate ISD",357.382,88310.552,137.985
"073905","Rosebud-Lott ISD",775.739,191688.456,299.513
"076904","Rotan ISD",898.895,222120.956,347.064
"246909","Round Rock ISD",254.548,62900.021,98.281
"075908","Round Top-Carmine ISD",352.752,87166.576,136.198
"139908","Roxton ISD",233.773,57766.207,90.260
"237905","Royal ISD",414.354,102388.787,159.983
"199902","Royse City ISD",195.119,48214.732,75.336
"104903","Rule ISD",392.391,96961.451,151.502
"128903","Runge ISD",248.110,61308.968,95.795
"037907","Rusk ISD",812.229,200705.334,313.602
"091914","S and S Cons ISD",336.023,83032.742,129.739
"232902","Sabinal ISD",958.424,236830.765,370.048
"092906","Sabine ISD",108.267,26753.146,41.802
"123913","Sabine Pass ISD",989.909,244610.870,382.205
"169911","Saint Jo ISD",427.986,105757.213,165.246
"014908","Salado ISD",347.987,85989.180,134.358
"112909","Saltillo ISD",154.619,38207.121,59.699
"074917","Sam Rayburn ISD",373.430,92276.208,144.182
"226903","San Angelo ISD",535.243,132260.898,206.658
"015907","San Antonio ISD",194.341,48022.496,75.035
"203901","San Augustine ISD",717.580,177317.241,277.058
"031912","San Benito Cons ISD",267.049,65988.925,103.108
"066902","San Diego ISD",1343.870,332076.043,518.869
"071904","San Elizario ISD",34.307,8477.431,13.246
"233901","San Felipe-Del Rio Cons ISD",2367.637,585053.474,914.146
"214902","San Isidro ISD",603.090,149026.279,232.854
"105902","San Marcos Cons ISD",478.503,118240.229,184.750
"245904","San Perlita ISD",706.912,174680.935,272.939
"206901","San Saba ISD",1349.028,333350.635,520.861
"022903","San Vicente ISD",4025.895,994816.252,1554.401
"058909","Sands Consolidated ISD",568.256,140418.511,219.404
"117903","Sanford-Fritch ISD",88.426,21850.467,34.141
"061908","Sanger ISD",265.891,65702.950,102.661
"042903","Santa Anna ISD",828.105,204628.306,319.732
"084909","Santa Fe ISD",187.837,46415.269,72.524
"137904","Santa Gertrudis ISD",511.515,126397.610,197.496
"031913","Santa Maria ISD",72.948,18025.764,28.165
"031914","Santa Rosa ISD",68.095,16826.641,26.292
"182904","Santo ISD",537.570,132835.903,207.556
"074911","Savoy ISD",128.028,31636.386,49.432
"094902","Schertz-Cibolo-Universal City ISD",155.629,38456.656,60.089
"207901","Schleicher ISD",3394.634,838828.854,1310.670
"075903","Schulenburg ISD",369.220,91235.875,142.556
"129910","Scurry-Rosser ISD",213.675,52800.025,82.500
"083901","Seagraves ISD",499.871,123520.365,193.001
"008902","Sealy ISD",535.472,132317.388,206.746
"094901","Seguin ISD",960.748,237404.907,370.945
"083903","Seminole ISD",3016.375,745359.460,1164.624
"012901","Seymour ISD",2351.668,581107.377,907.981
"152909","Shallowater ISD",195.417,48288.356,75.451
"242902","Shamrock ISD",814.404,201242.672,314.442
"108911","Sharyland ISD",68.233,16860.560,26.345
"210903","Shelbyville ISD",695.321,171816.901,268.464
"101924","Sheldon ISD",138.856,34311.982,53.612
"204904","Shepherd ISD",380.720,94077.656,146.996
"091906","Sherman ISD",198.182,48971.758,76.518
"143903","Shiner ISD",293.710,72577.022,113.402
"047905","Sidney ISD",222.565,54996.861,85.933
"115902","Sierra Blanca ISD",3096.422,765139.420,1195.531
"100904","Silsbee ISD",435.288,107561.482,168.065
"023902","Silverton ISD",1435.322,354674.455,554.179
"019909","Simms ISD",379.407,93753.024,146.489
"205906","Sinton ISD",578.268,142892.665,223.270
"049909","Sivells Bend ISD",199.758,49360.962,77.127
"013905","Skidmore-Tynan ISD",651.026,160871.286,251.361
"152903","Slaton ISD",227.532,56224.232,87.850
"249908","Slidell ISD",303.202,74922.429,117.066
"001909","Slocum ISD",449.249,111011.487,173.455
"011904","Smithville ISD",761.917,188273.065,294.177
"110906","Smyer ISD",273.098,67483.702,105.443
"026903","Snook ISD",468.473,115761.690,180.878
"208902","Snyder ISD",1813.566,448139.960,700.219
"071909","Socorro ISD",346.303,85572.977,133.708
"015909","Somerset ISD",219.861,54328.619,84.888
"026902","Somerville ISD",278.089,68716.908,107.370
"218901","Sonora ISD",3766.952,930830.315,1454.423
"015908","South San Antonio ISD",40.930,10114.027,15.803
"085903","Southland ISD",306.372,75705.844,118.290
"015917","Southside ISD",275.164,67994.308,106.241
"015912","Southwest ISD",282.202,69733.228,108.958
"098904","Spearman ISD",1230.784,304132.049,475.206
"170907","Splendora ISD",193.013,47694.261,74.522
"101920","Spring Branch ISD",106.692,26364.014,41.194
"117907","Spring Creek ISD",429.515,106135.077,165.836
"092907","Spring Hill ISD",23.558,5821.369,9.096
"101919","Spring ISD",144.553,35719.628,55.812
"140907","Springlake-Earth ISD",509.970,126015.871,196.900
"184902","Springtown ISD",261.809,64694.076,101.085
"063903","Spur ISD",1373.367,339364.930,530.258
"229905","Spurger ISD",284.243,70237.740,109.746
"079910","Stafford MSD",18.128,4479.490,6.999
"127906","Stamford ISD",359.842,88918.411,138.935
"156902","Stanton ISD",879.293,217277.157,339.496
"072903","Stephenville ISD",606.406,149845.529,234.134
"216901","Sterling City ISD",2391.891,591046.598,923.511
"247906","Stockdale ISD",479.009,118365.194,184.946
"211902","Stratford ISD",2241.584,553905.164,865.477
"182905","Strawn ISD",279.522,69071.004,107.923
"140908","Sudan ISD",1514.667,374280.754,584.814
"112910","Sulphur Bluff ISD",306.529,75744.673,118.351
"112901","Sulphur Springs ISD",667.873,165034.246,257.866
"110907","Sundown ISD",228.913,56565.452,88.384
"057919","Sunnyvale ISD",50.618,12507.999,19.544
"171902","Sunray ISD",571.625,141251.020,220.705
"020906","Sweeny ISD",466.148,115187.278,179.980
"143905","Sweet Home ISD",164.057,40539.314,63.343
"177902","Sweetwater ISD",745.837,184299.461,287.968
"205907","Taft ISD",242.549,59935.018,93.648
"153904","Tahoka ISD",941.856,232736.722,363.651
"146907","Tarkington ISD",593.952,146768.077,229.325
"201910","Tatum ISD",295.847,73104.981,114.227
"246911","Taylor ISD",200.637,49578.233,77.466
"081904","Teague ISD",580.751,143506.039,224.228
"014909","Temple ISD",155.589,38446.633,60.073
"210904","Tenaha ISD",158.989,39286.976,61.386
"022004","Terlingua CSD",1789.144,442105.221,690.790
"222901","Terrell County ISD",6107.342,1509150.979,2358.049
"129906","Terrell ISD",451.983,111687.047,174.511
"019907","Texarkana ISD",77.334,19109.510,29.859
"084906","Texas City ISD",201.883,49886.066,77.947
"211901","Texhoma ISD",612.324,151308.046,236.419
"056902","Texline ISD",1587.268,392220.873,612.845
"166905","Thorndale ISD",348.134,86025.422,134.415
"246912","Thrall ISD",386.522,95511.194,149.236
"149902","Three Rivers ISD",1155.010,285408.053,445.950
"072901","Three Way ISD",212.953,52621.714,82.221
"224901","Throckmorton ISD",1990.521,491866.451,768.542
"158902","Tidehaven ISD",761.637,188203.786,294.068
"210905","Timpson ISD",408.610,100969.283,157.765
"091907","Tioga ISD",89.438,22100.506,34.532
"111903","Tolar ISD",295.931,73125.766,114.259
"091918","Tom Bean ISD",140.928,34823.975,54.412
"101921","Tomball ISD",215.614,53279.058,83.249
"071908","Tornillo ISD",208.618,51550.521,80.548
"221905","Trent ISD",368.641,91092.888,142.333
"074912","Trenton ISD",119.548,29540.916,46.158
"107907","Trinidad ISD",39.522,9766.078,15.260
"228903","Trinity ISD",415.870,102763.211,160.568
"212904","Troup ISD",285.790,70619.900,110.344
"014910","Troy ISD",272.542,67346.279,105.229
"219903","Tulia ISD",1119.229,276566.324,432.135
"178912","Tuloso-Midway ISD",129.132,31908.969,49.858
"096905","Turkey-Quitaque ISD",1161.908,287112.559,448.613
"212905","Tyler ISD",535.644,132360.061,206.813
"230908","Union Grove ISD",51.531,12733.626,19.896
"230904","Union Hill ISD",172.207,42552.987,66.489
"240903","United ISD",6445.847,1592796.878,2488.746
"232904","Utopia ISD",917.829,226799.632,354.375
"232903","Uvalde Cons ISD",2988.158,738386.867,1153.730
"122902","Valentine ISD",2327.910,575236.775,898.808
"018904","Valley Mills ISD",457.734,113108.075,176.731
"049903","Valley View ISD (Cooke)",211.834,52345.177,81.789
"108916","Valley View ISD (Hidalgo)",26.342,6509.194,10.171
"091908","Van Alstyne ISD",164.019,40529.865,63.328
"234906","Van ISD",585.461,144669.991,226.047
"158906","Van Vleck ISD",1226.871,303165.293,473.696
"180902","Vega ISD",1397.217,345258.515,539.467
"126908","Venus ISD",92.338,22817.032,35.652
"226908","Veribest ISD",321.084,79341.229,123.971
"244903","Vernon ISD",1464.863,361974.006,565.585
"235902","Victoria ISD",1568.940,387691.897,605.769
"181907","Vidor ISD",314.893,77811.463,121.580
"143904","Vysehrad ISD",81.526,20145.485,31.477
"161914","Waco ISD",158.274,39110.205,61.110
"089905","Waelder ISD",467.230,115454.581,180.398
"059902","Walcott ISD",1220.999,301714.217,471.429
"226906","Wall ISD",1031.760,254952.442,398.363
"237904","Waller ISD",800.865,197897.229,309.215
"049908","Walnut Bend ISD",53.757,13283.592,20.756
"018905","Walnut Springs ISD",266.687,65899.595,102.968
"229904","Warren ISD",671.629,165962.408,259.316
"102903","Waskom ISD",166.462,41133.457,64.271
"226905","Water Valley ISD",1125.101,278017.300,434.402
"070912","Waxahachie ISD",495.269,122383.216,191.224
"184903","Weatherford ISD",653.924,161587.398,252.480
"240904","Webb Cons ISD",2262.115,558978.395,873.404
"045905","Weimar ISD",448.639,110860.696,173.220
"044902","Wellington ISD",2330.591,575899.171,899.843
"223904","Wellman-Union Cons ISD",682.324,168605.204,263.446
"037909","Wells ISD",263.485,65108.228,101.732
"108913","Weslaco ISD",141.222,34896.477,54.526
"100908","West Hardin County Cons ISD",633.493,156538.809,244.592
"161916","West ISD",328.034,81058.614,126.654
"181906","West Orange-Cove Cons ISD",87.839,21705.313,33.915
"178915","West Oso ISD",114.635,28326.737,44.261
"201914","West Rusk County Cons ISD",255.177,63055.349,98.524
"202905","West Sabine ISD",279.300,69016.212,107.838
"168903","Westbrook ISD",727.782,179838.190,280.997
"062905","Westhoff ISD",199.883,49391.899,77.175
"073904","Westphalia ISD",57.716,14261.852,22.284
"001908","Westwood ISD",254.313,62841.835,98.190
"241904","Wharton ISD",475.239,117433.723,183.490
"242903","Wheeler ISD",475.188,117421.149,183.471
"033904","White Deer ISD",674.199,166597.435,260.309
"092908","White Oak ISD",41.535,10263.365,16.037
"220920","White Settlement ISD",61.252,15135.521,23.649
"040902","Whiteface Cons ISD",1579.121,390207.666,609.700
"212906","Whitehouse ISD",200.100,49445.497,77.259
"091909","Whitesboro ISD",447.886,110674.559,172.929
"091910","Whitewright ISD",190.210,47001.757,73.440
"110908","Whitharral ISD",310.063,76617.931,119.716
"109911","Whitney ISD",307.604,76010.188,118.766
"243905","Wichita Falls ISD",212.498,52509.080,82.045
"180904","Wildorado ISD",451.506,111569.057,174.327
"170904","Willis ISD",422.942,104510.771,163.298
"234907","Wills Point ISD",582.717,143991.862,224.987
"153907","Wilson ISD",358.857,88675.096,138.555
"105905","Wimberley ISD",347.198,85794.086,134.053
"005904","Windthorst ISD",218.766,54057.997,84.466
"225905","Winfield ISD",91.804,22685.189,35.446
"248902","Wink-Loving ISD",2896.267,715680.305,1118.251
"250907","Winnsboro ISD",435.031,107498.095,167.966
"212910","Winona ISD",304.515,75247.013,117.573
"200904","Winters ISD",908.120,224400.390,350.626
"174906","Woden ISD",352.372,87072.726,136.051
"116909","Wolfe City ISD",222.955,55093.164,86.083
"196902","Woodsboro ISD",560.199,138427.729,216.293
"224902","Woodson ISD",454.960,112422.668,175.660
"229903","Woodville ISD",807.699,199585.834,311.853
"081905","Wortham ISD",288.112,71193.832,111.240
"043914","Wylie ISD (Collin)",104.981,25941.322,40.533
"221912","Wylie ISD (Taylor)",359.502,88834.542,138.804
"250905","Yantis ISD",192.082,47464.341,74.163
"062903","Yoakum ISD",675.946,167029.315,260.983
"062904","Yorktown ISD",541.292,133755.549,208.993
"071905","Ysleta ISD",162.071,40048.384,62.576
"253901","Zapata County ISD",2740.247,677127.078,1058.011
"003906","Zavalla ISD",543.541,134311.313,209.861
"025906","Zephyr ISD",193.160,47730.566,74.579
