LEA_STATE,LEA_STATE_NAME,LEAID,LEA_NAME,SCHID,SCH_NAME,COMBOKEY,JJ,SCH_SAL_TOTPERS_WOFED,SCH_FTE_TEACH_WOFED,SCH_SAL_TEACH_WOFED,SCH_NPE_WOFED,SCH_FTE_AID_WOFED,SCH_SAL_AID_WOFED,SCH_FTE_SUP_WOFED,SCH_SAL_SUP_WOFED,SCH_FTE_ADM_WOFED,SCH_SAL_ADM_WOFED,SCH_SAL_TEACH_WFED,SCH_FTE_AID_WFED,SCH_SAL_AID_WFED,SCH_FTE_SUP_WFED,SCH_SAL_SUP_WFED,SCH_FTE_ADM_WFED,SCH_SAL_ADM_WFED,SCH_SAL_TOTPERS_WFED,SCH_NPE_WFED
HI,HAWAII,1500030,Hawaii Department of Education,1,Enchanted Lake Elementary School,150003000001,No,1368658.53,30.0,958750.05,241104.03,9.75,129539.75,0.0,-9.0,1.0,140077.28,1364669.5,9.75,294148.99,0.0,140291.45,1.0,140077.28,1939187.22,254248.13
HI,HAWAII,1500030,Hawaii Department of Education,2,Hauula Elementary School,150003000002,No,1216987.77,29.0,942232.87,61675.34,5.75,55154.3,0.0,-9.0,1.0,109064.79,1329762.24,5.75,188493.7,0.0,110535.81,1.0,109064.79,1737856.54,86025.9
HI,HAWAII,1500030,Hawaii Department of Education,3,Heeia Elementary School,150003000003,No,1564774.07,33.0,1224396.64,145286.93,11.5,36591.6,1.0,135714.6,1.0,168071.23,1710485.38,11.5,235244.3,1.0,135714.6,1.0,168071.23,2249515.51,174487.85
HI,HAWAII,1500030,Hawaii Department of Education,4,Kaaawa Elementary School,150003000004,No,584177.62,9.0,384513.44,53624.32,2.25,27974.14,1.0,61098.09,1.0,110591.95,460136.35,2.25,71099.02,1.0,61098.09,1.0,110591.95,702925.41,73465.08
HI,HAWAII,1500030,Hawaii Department of Education,5,Kaelepulu Elementary School,150003000005,No,927314.07,13.0,661273.82,152818.18,1.0,0.0,1.0,156408.34,1.0,109631.91,840718.94,1.0,35875.02,1.0,156408.34,1.0,109631.91,1142634.21,154536.82
HI,HAWAII,1500030,Hawaii Department of Education,6,Kahaluu Elementary School,150003000006,No,1156892.24,26.0,745310.1,151318.38,10.75,107272.53,0.0,-9.0,2.0,192969.79,1332810.15,10.75,310532.09,0.0,111339.82,2.0,192969.79,1947651.85,191377.86
HI,HAWAII,1500030,Hawaii Department of Education,7,Kahuku High & Intermediate School,150003000007,No,4832419.02,98.0,3801190.95,641426.73,20.0,84300.2,1.0,399041.19,5.0,547886.68,5155545.57,20.0,596302.04,1.0,399041.19,5.0,547886.68,6698775.48,673082.07
HI,HAWAII,1500030,Hawaii Department of Education,8,Kailua Elementary School,150003000008,No,1054251.83,27.5,777592.64,349753.94,11.25,41613.21,2.0,130419.94,1.0,104626.04,1321148.82,11.25,313524.22,2.0,130419.94,1.0,104626.04,1869719.02,408426.95
HI,HAWAII,1500030,Hawaii Department of Education,9,Kailua High School,150003000009,No,2111090.61,50.0,1315971.86,412579.86,12.0,27241.95,0.0,-9.0,3.0,344339.52,2545616.2,12.0,360043.04,0.0,423537.28,3.0,344339.52,3673536.04,536343.43
HI,HAWAII,1500030,Hawaii Department of Education,10,Kailua Intermediate School,150003000010,No,2271955.92,54.0,1681471.72,440715.02,10.5,37298.92,0.0,-9.0,3.0,325559.39,2665715.1,10.5,337307.88,0.0,227625.89,3.0,325559.39,3556208.26,458292.21
HI,HAWAII,1500030,Hawaii Department of Education,11,Kainalu Elementary School,150003000011,No,1478154.62,31.0,1170003.12,230220.3,9.75,37172.47,0.0,-9.0,2.0,201750.74,1646517.93,9.75,316284.8,0.0,69228.29,2.0,201750.74,2233781.76,239952.08
HI,HAWAII,1500030,Hawaii Department of Education,12,Kalaheo High School,150003000012,No,2266134.38,52.0,1618674.06,425823.31,7.25,0.0,0.0,-9.0,3.0,347091.28,2405666.22,7.25,205289.34,0.0,300369.04,3.0,347091.28,3258415.88,453264.76
HI,HAWAII,1500030,Hawaii Department of Education,13,Kaneohe Elementary School,150003000013,No,2267595.69,44.0,1807572.82,261430.12,4.0,20419.09,0.0,-9.0,2.0,195511.47,2198693.47,4.0,123763.31,0.0,244092.31,2.0,195511.47,2762060.56,261430.12
HI,HAWAII,1500030,Hawaii Department of Education,14,Kapunahala Elementary School,150003000014,No,2014431.6,38.0,1566439.03,322329.05,6.25,0.0,0.0,-9.0,2.0,225306.06,1947245.97,6.25,169039.74,0.0,222686.51,2.0,225306.06,2564278.28,324596.7
HI,HAWAII,1500030,Hawaii Department of Education,15,Keolu Elementary School,150003000015,No,634407.19,8.0,386341.02,87173.02,5.0,0.0,3.0,127853.84,1.0,120212.33,568154.91,5.0,152083.08,3.0,127853.84,1.0,120212.33,968304.16,113143.04
HI,HAWAII,1500030,Hawaii Department of Education,16,Governor Samuel Wilder King Intermediate School,150003000016,No,1953103.82,41.0,1459801.02,336424.33,14.25,58727.18,1.0,142324.1,3.0,292251.52,2232387.07,14.25,401564.31,1.0,148615.1,3.0,292251.52,3074818.0,519668.37
HI,HAWAII,1500030,Hawaii Department of Education,17,Laie Elementary School,150003000017,No,1925961.21,42.0,1480032.89,329244.75,8.5,56777.6,0.0,-9.0,2.0,197809.3,1877764.43,8.5,275690.38,0.0,191341.42,2.0,197809.3,2542605.53,349403.36
HI,HAWAII,1500030,Hawaii Department of Education,18,Ka'ohao Public Charter School,150003000018,No,1899615.13,20.7,834177.28,584663.95,12.0,345666.89,8.2,439081.55,4.0,280689.41,968799.76,13.0,382697.69,8.2,439081.55,4.0,280689.41,2071268.41,756317.23
HI,HAWAII,1500030,Hawaii Department of Education,19,Maunawili Elementary School,150003000019,No,1110376.87,24.0,809310.63,113201.73,6.5,0.0,1.0,174577.2,0.0,-9.0,1179014.48,6.5,205508.71,1.0,174577.2,0.0,126489.04,1685589.43,117903.55
HI,HAWAII,1500030,Hawaii Department of Education,20,Mokapu Elementary School,150003000020,No,2693770.73,58.0,2140477.4,514728.36,12.75,93653.08,0.0,-9.0,1.0,132455.18,2961584.83,12.75,360617.63,0.0,327185.07,1.0,132455.18,3781842.71,515568.48
HI,HAWAII,1500030,Hawaii Department of Education,21,Reverend Benjamin Parker Elementary School,150003000021,No,1218539.05,29.0,796249.96,419080.83,11.75,0.0,0.0,-9.0,2.0,193655.05,1320175.09,11.75,323786.7,0.0,228634.04,2.0,193655.05,2066250.88,447852.8
HI,HAWAII,1500030,Hawaii Department of Education,22,Blanche Pope Elementary School,150003000022,No,877659.53,17.0,610692.11,107690.78,4.0,55433.93,1.0,93111.3,1.0,118422.19,809815.97,5.0,162745.49,1.0,93111.3,1.0,118422.19,1184094.95,174488.15
HI,HAWAII,1500030,Hawaii Department of Education,23,Puohala Elementary School,150003000023,No,1087911.08,21.0,748178.77,174084.8,4.75,45646.51,0.0,-9.0,2.0,182247.83,994550.22,4.75,138601.26,0.0,111837.97,2.0,182247.83,1427237.28,192042.23
HI,HAWAII,1500030,Hawaii Department of Education,24,Sunset Beach Elementary School,150003000024,No,1375686.33,30.0,1068963.7,313628.97,5.0,0.0,0.0,-9.0,2.0,192127.89,1392139.25,5.0,149556.02,0.0,114594.74,2.0,192127.89,1848417.9,314135.23
HI,HAWAII,1500030,Hawaii Department of Education,25,Waiahole Elementary School,150003000025,No,457027.48,10.5,291607.65,106135.83,4.75,0.0,0.0,-9.0,1.0,104610.78,449123.8,4.75,79952.63,0.0,60809.05,1.0,104610.78,694496.26,109258.43
HI,HAWAII,1500030,Hawaii Department of Education,26,Waimanalo Elementary & Intermediate School,150003000026,No,1778550.87,36.0,1345609.07,199043.61,9.5,0.0,0.0,-9.0,2.0,214266.5,1739258.64,9.5,265086.55,0.0,218675.3,2.0,214266.5,2437286.99,353978.1
HI,HAWAII,1500030,Hawaii Department of Education,27,Ernest Bowen DeSilva Elementary School,150003000027,No,1347138.13,24.5,1025967.53,374111.05,4.25,48739.31,0.0,-9.0,1.0,132501.09,1233567.96,4.25,193207.65,0.0,139930.2,1.0,132501.09,1699206.9,374575.76
HI,HAWAII,1500030,Hawaii Department of Education,28,Haaheo Elementary School,150003000028,No,700281.3,11.5,505297.98,156772.23,1.5,24369.63,0.0,-9.0,1.0,104610.78,585959.49,1.5,54110.8,0.0,66002.91,1.0,104610.78,810683.98,186272.45
HI,HAWAII,1500030,Hawaii Department of Education,29,Hilo High School,150003000029,No,3536170.43,80.0,2636735.15,772573.3,18.5,72672.33,0.0,-9.0,4.0,426193.05,4290309.19,18.5,542233.08,0.0,456230.43,4.0,426193.05,5714965.75,884852.5
HI,HAWAII,1500030,Hawaii Department of Education,30,Hilo Intermediate School,150003000030,No,1681188.12,34.0,1290992.69,153174.95,5.5,34373.98,1.0,150167.78,2.0,205653.67,1823632.46,5.5,243831.69,1.0,150167.78,2.0,205653.67,2423285.6,263401.16
HI,HAWAII,1500030,Hawaii Department of Education,31,Hilo Union Elementary School,150003000031,No,1279450.58,31.0,927397.47,340905.0,7.25,31822.86,0.0,-9.0,2.0,190783.88,1578200.16,7.25,244521.36,0.0,129446.37,2.0,190783.88,2142951.77,382370.54
HI,HAWAII,1500030,Hawaii Department of Education,32,Holualoa Elementary School,150003000032,No,1387745.45,26.0,981268.96,361400.86,6.0,74476.25,0.0,-9.0,1.0,165735.44,1190841.48,6.0,185702.29,0.0,166264.8,1.0,165735.44,1708544.01,386671.91
HI,HAWAII,1500030,Hawaii Department of Education,33,Honaunau Elementary School,150003000033,No,616922.29,12.5,443879.73,110600.53,1.0,0.0,0.0,-9.0,1.0,113710.31,543363.08,1.0,30586.0,0.0,59332.25,1.0,113710.31,746991.64,116358.48
HI,HAWAII,1500030,Hawaii Department of Education,34,Honokaa High & Intermediate School,150003000034,No,2113081.17,45.0,1480730.99,318832.76,14.25,37298.92,3.0,284560.21,3.0,310491.05,2231807.71,14.25,329302.8,3.0,284560.21,3.0,310491.05,3156161.77,543235.01
HI,HAWAII,1500030,Hawaii Department of Education,35,Hookena Elementary School,150003000035,No,512745.94,8.0,278538.78,146491.88,1.0,0.0,2.0,129596.38,1.0,104610.78,406058.67,1.0,77485.29,2.0,129596.38,1.0,104610.78,717751.12,171661.82
HI,HAWAII,1500030,Hawaii Department of Education,36,Prince Jonah Kalanianaole Elementary & Intermediate School,150003000036,No,1269039.1,27.0,921984.27,229489.9,3.25,0.0,0.0,-9.0,2.0,202874.51,1196374.45,3.25,87354.26,0.0,144180.32,2.0,202874.51,1630783.54,300625.59
HI,HAWAII,1500030,Hawaii Department of Education,37,Chiefess Kapiolani Elementary School,150003000037,No,1322521.5,26.0,1015998.32,370480.06,5.25,35875.02,0.0,-9.0,1.0,109064.79,1402304.88,5.25,188371.42,0.0,161583.37,1.0,109064.79,1861324.46,422662.6
HI,HAWAII,1500030,Hawaii Department of Education,38,Kau High & Pahala Elementary School,150003000038,No,1601984.68,43.0,1252627.5,447751.59,8.25,18650.55,1.0,118999.88,2.0,211706.75,1851222.19,8.25,263243.98,1.0,118999.88,2.0,211706.75,2445172.8,600695.62
HI,HAWAII,1500030,Hawaii Department of Education,39,Kaumana Elementary School,150003000039,No,1060923.19,19.0,790756.32,254321.48,3.75,0.0,0.0,-9.0,1.0,130672.54,1076710.27,3.75,120565.25,0.0,139494.33,1.0,130672.54,1467442.39,297717.74
HI,HAWAII,1500030,Hawaii Department of Education,40,Keaau Middle School,150003000040,No,2510508.56,51.0,1926703.11,237070.14,9.5,45569.37,0.0,-9.0,3.0,279011.52,2725966.86,9.5,330778.15,0.0,259224.56,3.0,279011.52,3594981.09,380758.27
HI,HAWAII,1500030,Hawaii Department of Education,41,Kealakehe Elementary School,150003000041,No,3185599.62,70.5,2504771.64,333981.25,14.0,128577.63,1.0,231511.49,3.0,320738.86,3317098.23,14.0,457942.65,1.0,231511.49,3.0,320738.86,4327291.23,443498.73
HI,HAWAII,1500030,Hawaii Department of Education,42,Keaukaha Elementary School,150003000042,No,1541393.91,32.0,1270151.3,280553.03,6.0,37298.92,0.0,-9.0,1.0,109064.79,1824549.4,6.0,174179.7,0.0,124878.9,1.0,109064.79,2232672.79,357493.89
HI,HAWAII,1500030,Hawaii Department of Education,43,Kohala High School,150003000043,No,816299.57,20.0,506371.6,305483.04,5.0,14710.06,0.0,-9.0,2.0,224287.98,845422.58,5.0,182047.22,0.0,70929.93,2.0,224287.98,1322687.71,467459.14
HI,HAWAII,1500030,Hawaii Department of Education,44,Konawaena Elementary School,150003000044,No,1948630.24,37.0,1598899.49,236696.07,4.0,0.0,0.0,-9.0,2.0,242289.65,1847536.89,4.0,125284.2,0.0,107441.1,2.0,242289.65,2322551.84,267289.04
HI,HAWAII,1500030,Hawaii Department of Education,45,Konawaena High School,150003000045,No,2374446.32,54.0,2034499.11,736001.93,7.25,38132.08,0.0,-9.0,2.0,234836.73,2650618.32,9.0,338217.41,0.0,66978.4,2.0,234836.73,3290650.86,1018337.49
HI,HAWAII,1500030,Hawaii Department of Education,46,Laupahoehoe Community - PCS,150003000046,No,1445871.0,16.0,802553.0,28958.0,0.0,-9.0,13.5,240193.0,6.5,403125.0,1241224.0,6.75,69649.0,24.75,1121913.05,7.5,466691.0,2899477.05,43111.0
HI,HAWAII,1500030,Hawaii Department of Education,47,Mountain View Elementary School,150003000047,No,1616752.76,35.0,1222690.48,208982.68,7.0,0.0,0.0,-9.0,3.0,259654.23,1653950.56,7.0,200607.23,0.0,134408.05,3.0,259654.23,2248620.07,325250.73
HI,HAWAII,1500030,Hawaii Department of Education,48,Naalehu Elementary School,150003000048,No,1314364.19,28.0,925373.08,179897.39,8.0,67669.2,0.0,-9.0,2.0,208388.97,1227775.33,8.0,238664.92,0.0,112932.94,2.0,208388.97,1787762.16,268201.46
HI,HAWAII,1500030,Hawaii Department of Education,49,Paauilo Elementary & Intermediate School,150003000049,No,1007050.59,15.0,626837.09,192633.83,5.0,45092.8,0.0,-9.0,2.0,190931.18,779832.55,5.0,140117.69,0.0,144189.52,2.0,190931.18,1255070.94,221837.78
HI,HAWAII,1500030,Hawaii Department of Education,50,Pahoa High & Intermediate School,150003000050,No,1528602.4,33.0,1074628.88,483594.3,11.75,62582.93,0.0,-9.0,2.0,218728.38,1855799.77,12.75,420112.65,0.0,172662.21,2.0,218728.38,2667303.01,673060.51
HI,HAWAII,1500030,Hawaii Department of Education,51,Waiakea Elementary School,150003000051,No,2959799.72,59.0,2507832.89,568987.52,8.0,34444.49,0.0,-9.0,1.0,179383.52,3186759.46,8.0,250194.56,0.0,238138.82,1.0,179383.52,3854476.36,678238.68
HI,HAWAII,1500030,Hawaii Department of Education,52,Waiakea High School,150003000052,No,4320206.5,82.0,3315369.7,814762.2,15.0,74970.49,1.0,457778.89,4.0,472087.42,4435132.78,15.0,473592.21,1.0,457778.89,4.0,472087.42,5838591.3,843616.47
HI,HAWAII,1500030,Hawaii Department of Education,53,Waiakea Intermediate School,150003000053,No,2689704.98,57.0,2226985.64,594693.36,8.75,0.0,0.0,-9.0,2.0,222164.52,2998846.41,8.75,303665.57,0.0,240554.82,2.0,222164.52,3765231.32,785761.46
HI,HAWAII,1500030,Hawaii Department of Education,54,Waiakeawaena Elementary School,150003000054,No,2382744.02,47.0,1936557.19,552199.85,9.5,62258.32,0.0,-9.0,2.0,197254.69,2616200.18,9.5,347555.01,0.0,186673.82,2.0,197254.69,3347683.7,717008.51
HI,HAWAII,1500030,Hawaii Department of Education,55,Waimea Elementary School,150003000055,No,1776539.52,36.5,1349873.63,259553.04,7.5,67525.07,0.0,-9.0,2.0,196164.93,1803728.13,7.5,254800.04,0.0,162975.89,2.0,196164.93,2417668.99,432137.17
HI,HAWAII,1500030,Hawaii Department of Education,56,Henry Perrine Baldwin High School,150003000056,No,4280927.52,78.0,3307950.85,1066036.02,14.99,74801.06,0.0,-9.0,4.0,425185.93,4188788.75,14.99,451563.79,0.0,472989.68,4.0,425185.93,5538528.15,1104172.21
HI,HAWAII,1500030,Hawaii Department of Education,57,Haiku Elementary School,150003000057,No,1529805.13,33.0,1210651.58,191762.05,4.62,66752.24,0.0,-9.0,2.0,151071.29,1543741.09,4.62,140527.6,0.0,101330.02,2.0,151071.29,1936670.0,213355.8
HI,HAWAII,1500030,Hawaii Department of Education,58,Hana High & Elementary School,150003000058,No,1544856.42,29.0,1028667.32,412647.02,5.11,60746.51,0.0,-9.0,2.0,263196.5,1386768.83,5.11,182665.64,0.0,192246.09,2.0,263196.5,2024877.06,623971.57
HI,HAWAII,1500030,Hawaii Department of Education,59,Iao Intermediate School,150003000059,No,2812745.86,61.0,2184831.1,327540.96,6.11,0.0,0.0,-9.0,4.0,402306.91,2923703.52,6.11,192867.65,0.0,225607.85,4.0,402306.91,3744485.93,587953.23
HI,HAWAII,1500030,Hawaii Department of Education,60,Kahului Elementary School,150003000060,No,3400421.26,64.0,2731493.2,217395.67,15.21,221948.02,0.0,-9.0,3.0,272014.4,3183830.03,15.21,420476.92,0.0,174965.64,3.0,272014.4,4051286.99,406274.43
HI,HAWAII,1500030,Hawaii Department of Education,61,King Kamehameha III Elementary School,150003000061,No,2525011.75,48.0,1998699.93,381226.14,9.5,87863.33,0.0,-9.0,2.0,200607.51,2392157.6,9.5,285249.62,0.0,237840.98,2.0,200607.51,3115855.71,514533.81
HI,HAWAII,1500030,Hawaii Department of Education,62,Kaunakakai Elementary School,150003000062,No,911850.57,21.0,652913.09,121742.99,9.25,65720.92,0.0,-9.0,1.0,105580.85,1007276.17,10.0,282166.65,0.0,87635.71,1.0,105580.85,1482659.38,164246.43
HI,HAWAII,1500030,Hawaii Department of Education,64,Kihei Elementary School,150003000064,No,2781065.34,59.0,2327319.1,285749.15,7.73,25877.66,0.0,-9.0,2.0,210220.56,2971464.2,7.73,239178.44,0.0,217648.02,2.0,210220.56,3638511.22,469439.89
HI,HAWAII,1500030,Hawaii Department of Education,65,Kilohana Elementary School,150003000065,No,400961.38,8.0,296350.6,128643.33,3.0,0.0,0.0,-9.0,1.0,104610.78,380031.74,3.0,47502.24,0.0,0.0,1.0,104610.78,532144.76,167504.16
HI,HAWAII,1500030,Hawaii Department of Education,66,Kualapuu School - Public Conversion Charter,150003000066,No,2033393.31,21.0,1417078.27,469913.0,4.0,119765.61,2.0,87070.45,7.0,409478.98,1523743.68,5.0,146272.28,2.0,87070.45,7.0,409478.98,2166565.39,672739.0
HI,HAWAII,1500030,Hawaii Department of Education,67,Kula Elementary School,150003000067,No,1416687.69,33.0,1048883.34,248306.99,6.23,26967.36,0.0,-9.0,2.0,189062.83,1386806.4,6.23,186846.08,0.0,151774.16,2.0,189062.83,1914489.47,265284.58
HI,HAWAII,1500030,Hawaii Department of Education,68,Lahaina Intermediate School,150003000068,No,2279596.68,44.0,1662728.44,516667.66,4.35,0.0,0.0,-9.0,3.0,312953.45,2216346.39,4.35,126722.97,0.0,303914.79,3.0,312953.45,2959937.6,534340.69
HI,HAWAII,1500030,Hawaii Department of Education,69,Lahainaluna High School,150003000069,No,3075541.14,62.0,2419311.56,766675.43,4.74,35875.02,0.0,-9.0,4.0,401845.65,3124818.04,4.74,137651.71,0.0,218508.91,4.0,401845.65,3882824.31,802919.59
HI,HAWAII,1500030,Hawaii Department of Education,70,Lanai High & Elementary School,150003000070,No,1936029.45,46.0,1357080.71,445218.87,8.75,77613.82,0.0,-9.0,4.0,360834.85,1897635.16,8.75,310717.75,0.0,140500.07,4.0,360834.85,2709687.83,452154.19
HI,HAWAII,1500030,Hawaii Department of Education,71,Lihikai Elementary School,150003000071,No,3214541.77,57.0,2646667.71,423579.45,13.48,163047.79,0.0,-9.0,2.0,202460.97,3121574.61,13.48,384706.03,0.0,202365.3,2.0,202460.97,3911106.91,628987.91
HI,HAWAII,1500030,Hawaii Department of Education,72,Makawao Elementary School,150003000072,No,1997673.73,40.0,1584610.23,507168.52,9.75,42395.68,0.0,-9.0,2.0,223940.58,2023144.5,9.75,259102.62,0.0,146727.24,2.0,223940.58,2652914.94,605650.4
HI,HAWAII,1500030,Hawaii Department of Education,73,Maui High School,150003000073,No,6374332.75,122.0,5091734.21,1381666.48,17.87,73801.5,0.0,-9.0,5.0,561201.57,6679262.0,19.87,548786.86,0.0,647595.47,5.0,561201.57,8436845.9,1468322.53
HI,HAWAII,1500030,Hawaii Department of Education,74,Maunaloa Elementary School,150003000074,No,267303.49,6.0,101639.23,48046.78,2.25,38577.54,0.0,-9.0,1.0,127086.72,198089.9,2.75,103116.07,0.0,0.0,1.0,127086.72,428292.69,138894.39
HI,HAWAII,1500030,Hawaii Department of Education,75,Molokai High School,150003000075,No,1158767.72,24.0,801730.56,417386.94,6.75,17298.1,0.0,-9.0,2.0,220960.9,1156750.9,6.75,239497.74,0.0,118778.16,2.0,220960.9,1735987.7,514343.36
HI,HAWAII,1500030,Hawaii Department of Education,76,Paia Elementary School,150003000076,No,1201255.17,21.5,881211.24,210043.94,4.0,79731.83,0.0,-9.0,1.0,129097.26,1046646.25,4.0,155140.45,0.0,111214.84,1.0,129097.26,1442098.8,248215.67
HI,HAWAII,1500030,Hawaii Department of Education,77,Pukalani Elementary School,150003000077,No,1308916.46,31.0,859107.25,182976.21,7.36,74946.08,0.0,-9.0,2.0,185017.76,1363209.3,7.36,230318.02,0.0,189845.37,2.0,185017.76,1968390.45,226217.33
HI,HAWAII,1500030,Hawaii Department of Education,79,Waihee Elementary School,150003000079,No,2619598.52,49.0,2161485.95,271564.06,8.99,77326.61,0.0,-9.0,2.0,188783.47,2630221.03,8.99,284440.03,0.0,192002.49,2.0,188783.47,3295447.02,339114.92
HI,HAWAII,1500030,Hawaii Department of Education,80,Wailuku Elementary School,150003000080,No,2450825.83,49.0,1962249.09,496842.4,10.47,122886.04,0.0,-9.0,2.0,243626.71,2587105.05,10.47,329977.45,0.0,122063.99,2.0,243626.71,3282773.2,615629.02
HI,HAWAII,1500030,Hawaii Department of Education,81,Eleele Elementary School,150003000081,No,1689535.5,34.0,1389191.11,241047.92,5.0,34016.21,0.0,-9.0,1.0,113710.31,1648873.01,5.0,183118.72,0.0,152617.87,1.0,113710.31,2098319.91,415893.36
HI,HAWAII,1500030,Hawaii Department of Education,82,Hanalei Elementary School,150003000082,No,1053508.6,20.0,813108.65,87596.48,2.0,16571.54,0.0,-9.0,1.0,108648.24,974447.41,2.0,84435.85,0.0,115180.17,1.0,108648.24,1282711.67,89510.27
HI,HAWAII,1500030,Hawaii Department of Education,83,Kalaheo Elementary School,150003000083,No,1614343.16,30.5,1233707.91,202763.92,4.5,34463.75,3.0,213670.41,1.0,132501.09,1533406.95,4.5,132974.09,3.0,213670.41,1.0,132501.09,2012552.54,238269.46
HI,HAWAII,1500030,Hawaii Department of Education,84,Kapaa Elementary School,150003000084,No,3313162.66,62.0,2684592.61,702569.53,11.5,91323.45,3.0,244958.7,3.0,292287.9,3412999.73,11.5,360385.81,3.0,244958.7,3.0,292287.9,4310632.14,949841.24
HI,HAWAII,1500030,Hawaii Department of Education,85,Kapaa High School,150003000085,No,3173593.81,71.0,2408001.39,669726.29,10.25,41929.17,1.0,321018.42,3.0,402644.83,3586473.56,10.25,352014.64,1.0,321018.42,3.0,402644.83,4662151.45,852923.49
HI,HAWAII,1500030,Hawaii Department of Education,86,Kauai High School,150003000086,No,3673254.36,73.0,3036104.34,915616.37,9.25,30650.86,1.0,294371.65,3.0,312127.51,3842140.83,9.25,308506.3,1.0,294371.65,3.0,312127.51,4757146.29,1004744.82
HI,HAWAII,1500030,Hawaii Department of Education,88,Kekaha Elementary School,150003000088,No,988474.27,25.0,687713.09,168360.18,4.75,32471.09,1.0,145406.86,1.0,122883.23,1007811.05,4.75,143829.94,1.0,145406.86,1.0,122883.23,1419931.08,259660.85
HI,HAWAII,1500030,Hawaii Department of Education,89,Kilauea Elementary School,150003000089,No,1028716.4,22.0,735012.62,246745.64,4.0,18650.58,0.0,-9.0,1.0,120212.33,982334.67,4.0,117919.38,0.0,154840.87,1.0,120212.33,1375307.25,312901.59
HI,HAWAII,1500030,Hawaii Department of Education,90,Koloa Elementary School,150003000090,No,1418266.9,26.0,1168253.23,109232.01,3.75,0.0,1.0,126410.72,1.0,123602.95,1339110.2,3.75,115761.08,1.0,126410.72,1.0,123602.95,1704884.95,128205.64
HI,HAWAII,1500030,Hawaii Department of Education,91,Niihau High & Elementary School,150003000091,No,141612.99,2.0,107669.13,5324.17,1.0,33943.86,0.0,-9.0,0.0,-9.0,107669.13,1.0,33943.86,0.0,0.0,0.0,0.0,141612.99,5324.17
HI,HAWAII,1500030,Hawaii Department of Education,92,Waimea Canyon Middle School,150003000092,No,1318053.59,30.0,923761.79,255367.68,4.5,0.0,1.0,183588.71,2.0,210703.09,1276472.39,4.5,164836.39,1.0,183588.71,2.0,210703.09,1835600.58,427589.12
HI,HAWAII,1500030,Hawaii Department of Education,93,Waimea High School,150003000093,No,1884813.15,40.0,1364357.28,502189.21,6.0,0.0,2.0,216256.12,3.0,304199.75,1923934.23,6.0,221017.74,2.0,216256.12,3.0,304199.75,2665407.84,804894.81
HI,HAWAII,1500030,Hawaii Department of Education,94,Elsie H Wilcox Elementary School,150003000094,No,2923901.59,52.0,2339565.45,452592.91,9.5,50744.17,3.0,236945.54,3.0,296646.43,2826037.97,9.5,314996.6,3.0,236945.54,3.0,296646.43,3674626.54,686706.97
HI,HAWAII,1500030,Hawaii Department of Education,96,Hawaii School for the Deaf and Blind,150003000096,No,0.0,0.0,-9.0,0.0,0.0,-9.0,0.0,-9.0,0.0,-9.0,0.0,11.0,0.0,1.0,0.0,2.0,0.0,0.0,0.0
HI,HAWAII,1500030,Hawaii Department of Education,98,Olomana School,150003000098,Yes,2701412.02,17.5,2001498.09,182765.14,5.75,0.0,1.0,478429.78,2.0,221484.15,2276027.62,5.75,156760.23,1.0,478429.78,3.0,325063.42,3236281.05,435389.5
HI,HAWAII,1500030,Hawaii Department of Education,99,Mililani Mauka Elementary School,150003000099,No,3116894.49,55.0,2563755.87,549164.3,10.5,37159.43,0.0,-9.0,2.0,215250.44,3334648.26,11.5,335024.65,0.0,300728.75,2.0,215250.44,4185652.1,550805.63
HI,HAWAII,1500030,Hawaii Department of Education,100,Castle High School,150003000100,No,3445999.77,80.5,2427612.11,1019299.46,21.75,74517.59,0.0,-9.0,5.0,507076.7,3931901.16,21.75,562386.25,0.0,436793.37,5.0,507076.7,5438157.48,1124621.21
HI,HAWAII,1500030,Hawaii Department of Education,101,Aikahi Elementary School,150003000101,No,1399666.98,30.0,1083646.83,269696.86,3.75,0.0,0.0,-9.0,2.0,167425.79,1383597.7,3.75,128659.56,0.0,148594.36,2.0,167425.79,1828277.41,282710.22
HI,HAWAII,1500030,Hawaii Department of Education,102,Mililani High School,150003000102,No,7439477.81,147.5,6019298.75,1833394.84,21.0,70439.62,0.0,-9.0,6.0,635678.81,8101124.73,22.0,730544.33,0.0,714060.63,6.0,635678.81,10181408.5,1907459.33
HI,HAWAII,1500030,Hawaii Department of Education,103,Moanalua High School,150003000103,No,6220826.8,119.0,5107342.84,1096868.18,12.5,52144.02,0.0,-9.0,5.0,541717.95,6563576.31,12.5,362224.47,0.0,519621.99,5.0,541717.95,7987140.72,1154294.03
HI,HAWAII,1500030,Hawaii Department of Education,104,Moanalua Elementary School,150003000104,No,1976746.0,35.0,1580183.91,315196.5,4.0,0.0,0.0,-9.0,2.0,164728.37,1770969.83,5.0,142932.69,0.0,231833.72,2.0,164728.37,2310464.61,316069.77
HI,HAWAII,1500030,Hawaii Department of Education,105,Mililani Waena Elementary School,150003000105,No,2673125.22,48.0,2127543.58,542408.37,7.0,55481.57,0.0,-9.0,3.0,290330.86,2500445.0,9.0,237576.94,0.0,199769.21,3.0,290330.86,3228122.01,544671.09
HI,HAWAII,1500030,Hawaii Department of Education,106,Mililani Uka Elementary School,150003000106,No,2277581.84,41.0,1702640.85,217678.17,9.5,108955.96,0.0,-9.0,2.0,233805.91,2179003.68,10.5,345382.69,0.0,232179.12,2.0,233805.91,2990371.4,217678.17
HI,HAWAII,1500030,Hawaii Department of Education,107,Makalapa Elementary School,150003000107,No,2129921.56,37.0,1674333.75,545169.61,7.0,35187.32,0.0,-9.0,2.0,218093.49,2023463.41,7.0,253988.47,0.0,202307.0,2.0,218093.49,2697852.37,638145.72
HI,HAWAII,1500030,Hawaii Department of Education,108,Leilehua High School,150003000108,No,5577942.4,112.0,4219860.9,1091565.22,24.0,106755.82,0.0,-9.0,4.0,489161.37,6414765.54,24.0,767728.92,0.0,762164.31,4.0,489161.37,8433820.14,1364429.56
HI,HAWAII,1500030,Hawaii Department of Education,109,Waiau Elementary School,150003000109,No,1917134.17,39.0,1512083.11,111211.7,7.0,37428.79,0.0,-9.0,2.0,205772.92,1849326.4,7.0,282182.06,0.0,161849.35,2.0,205772.92,2499130.73,126310.18
HI,HAWAII,1500030,Hawaii Department of Education,110,Waianae High School,150003000110,No,5611816.76,120.0,3998817.57,1027543.36,30.0,104880.52,0.0,-9.0,7.0,747339.68,6251596.33,30.0,960798.97,0.0,769221.86,7.0,747339.68,8728956.84,1675655.86
HI,HAWAII,1500030,Hawaii Department of Education,111,Waianae Elementary School,150003000111,No,1549428.63,37.0,1191232.2,220254.68,11.0,36847.63,0.0,-9.0,2.0,186447.78,1998078.3,12.0,445746.41,0.0,189909.69,2.0,186447.78,2820182.18,509152.26
HI,HAWAII,1500030,Hawaii Department of Education,112,Pohakea Elementary School,150003000112,No,1644908.53,35.5,1293519.23,371805.61,5.0,10840.43,0.0,-9.0,2.0,208318.45,1600047.24,5.0,117076.36,0.0,158012.86,2.0,208318.45,2083454.91,423028.39
HI,HAWAII,1500030,Hawaii Department of Education,113,Pearl City Highlands School,150003000113,No,1673467.85,32.0,1212278.73,394531.22,8.0,98940.78,0.0,-9.0,2.0,203338.43,1547927.47,8.0,265257.02,0.0,158909.91,2.0,203338.43,2175432.83,403539.6
HI,HAWAII,1500030,Hawaii Department of Education,114,Pearl City High School,150003000114,No,4844416.33,106.0,3835250.37,886441.06,25.0,27023.91,0.0,-9.0,4.0,433992.73,5650642.18,25.0,796600.27,0.0,548149.32,4.0,433992.73,7429384.5,1050810.41
HI,HAWAII,1500030,Hawaii Department of Education,115,Pearl City Elementary School,150003000115,No,1269477.12,27.0,962031.39,391976.63,7.0,35875.02,0.0,-9.0,1.0,142038.14,1469556.83,7.0,269499.79,0.0,129532.57,1.0,142038.14,2010627.33,503940.56
HI,HAWAII,1500030,Hawaii Department of Education,116,Palisades Elementary School,150003000116,No,1585334.59,28.0,1267466.96,229327.57,5.5,20100.24,0.0,-9.0,2.0,215679.17,1526142.49,5.5,165805.15,0.0,82088.22,2.0,215679.17,1989715.03,244443.03
HI,HAWAII,1500030,Hawaii Department of Education,117,Nanakuli High & Intermediate School,150003000117,No,3226892.09,83.0,2269383.38,541836.23,24.5,37047.63,0.0,-9.0,4.0,429936.15,4221808.6,24.5,809420.94,0.0,496815.93,4.0,429936.15,5957981.62,933726.6
HI,HAWAII,1500030,Hawaii Department of Education,118,Nanakuli Elementary School,150003000118,No,1231649.84,28.0,832446.36,426332.37,9.0,27965.76,0.0,-9.0,2.0,225878.06,1184938.26,9.0,293442.37,0.0,145359.66,2.0,225878.06,1849618.35,505192.55
HI,HAWAII,1500030,Hawaii Department of Education,119,Nanaikapono Elementary School,150003000119,No,2571053.72,58.0,2009099.14,422367.01,14.0,31904.37,0.0,-9.0,3.0,286359.19,2860356.07,14.0,468582.38,0.0,243691.02,3.0,286359.19,3858988.66,774483.9
HI,HAWAII,1500030,Hawaii Department of Education,120,Momilani Elementary School,150003000120,No,1487726.31,22.0,1076574.94,265026.55,2.0,0.0,0.0,-9.0,2.0,234716.21,1201660.42,2.0,59333.4,0.0,176435.16,2.0,234716.21,1672145.19,280435.55
HI,HAWAII,1500030,Hawaii Department of Education,121,Mauka Lani Elementary School,150003000121,No,2175520.28,47.0,1739944.25,315427.26,11.0,55006.1,0.0,-9.0,2.0,192382.89,2455500.29,11.0,350800.34,0.0,188187.04,2.0,192382.89,3186870.56,435880.25
HI,HAWAII,1500030,Hawaii Department of Education,122,Manana Elementary School,150003000122,No,1384714.07,27.0,977124.27,158992.36,5.0,37298.92,0.0,-9.0,2.0,210978.84,1240652.88,5.0,169405.25,0.0,159312.04,2.0,210978.84,1780349.01,160768.7
HI,HAWAII,1500030,Hawaii Department of Education,123,Makakilo Elementary School,150003000123,No,1749754.21,31.5,1332735.34,326376.37,6.5,56252.02,0.0,-9.0,2.0,202097.91,1675596.14,6.5,208838.03,0.0,158668.94,2.0,202097.91,2245201.02,335851.15
HI,HAWAII,1500030,Hawaii Department of Education,124,Makaha Elementary School,150003000124,No,2156357.4,48.5,1582598.72,305931.43,10.0,37228.66,0.0,-9.0,3.0,321484.53,2460497.24,11.0,346331.84,0.0,215045.49,3.0,321484.53,3343359.1,444446.9
HI,HAWAII,1500030,Hawaii Department of Education,125,Maili Elementary School,150003000125,No,2759671.39,58.0,2005449.23,502747.95,20.0,238330.85,0.0,-9.0,4.0,388903.81,3145182.87,20.0,659563.63,0.0,126987.5,4.0,388903.81,4320637.81,664054.79
HI,HAWAII,1500030,Hawaii Department of Education,126,Lehua Elementary School,150003000126,No,993900.04,25.0,705108.37,110549.39,8.0,31904.37,0.0,-9.0,1.0,109550.79,1165942.35,8.0,203690.06,0.0,147336.51,1.0,109550.79,1626519.71,194547.68
HI,HAWAII,1500030,Hawaii Department of Education,127,Kaimiloa Elementary School,150003000127,No,2418135.75,45.0,1797855.32,462502.12,8.0,92208.68,0.0,-9.0,3.0,322052.45,2470841.71,8.0,301409.78,0.0,206019.3,3.0,322052.45,3300323.24,580472.06
HI,HAWAII,1500030,Hawaii Department of Education,128,Iroquois Point Elementary School,150003000128,No,2274415.95,48.0,1846328.64,653770.69,8.0,37298.92,0.0,-9.0,2.0,211200.06,2458736.75,8.0,321968.9,0.0,179588.33,2.0,211200.06,3171494.04,663732.01
HI,HAWAII,1500030,Hawaii Department of Education,129,Ilima Intermediate School,150003000129,No,2926679.67,58.0,2355243.12,335936.78,8.0,70826.7,0.0,-9.0,3.0,276053.65,2900997.38,8.0,238306.53,0.0,224556.2,3.0,276053.65,3639913.76,434185.01
HI,HAWAII,1500030,Hawaii Department of Education,130,Honowai Elementary School,150003000130,No,2647396.88,47.0,1898027.88,291343.48,11.0,121260.81,0.0,-9.0,4.0,390387.05,2467929.84,11.0,387675.01,0.0,237721.14,4.0,390387.05,3483713.04,413894.88
HI,HAWAII,1500030,Hawaii Department of Education,131,Highlands Intermediate School,150003000131,No,3016593.22,59.0,2339865.61,702101.91,8.0,0.0,0.0,-9.0,3.0,325366.92,3114829.24,8.0,252889.92,0.0,351360.69,3.0,325366.92,4044446.77,775651.47
HI,HAWAII,1500030,Hawaii Department of Education,132,Ewa Beach Elementary School,150003000132,No,2330394.78,49.0,1780711.11,352480.82,12.5,21185.92,0.0,-9.0,3.0,315013.93,2296464.94,12.5,442181.46,0.0,213483.82,3.0,315013.93,3267144.15,356468.05
HI,HAWAII,1500030,Hawaii Department of Education,133,Ewa Elementary School,150003000133,No,4064576.12,70.0,3274351.78,322583.95,9.0,98958.02,0.0,-9.0,2.0,256188.55,3823557.76,9.0,274952.47,0.0,435077.77,2.0,256188.55,4789776.55,375285.15
HI,HAWAII,1500030,Hawaii Department of Education,134,James Campbell High School,150003000134,No,9456010.27,188.0,7661665.27,2653982.17,27.5,90854.27,0.0,-9.0,9.0,903248.09,10019512.19,27.5,939725.79,0.0,800242.64,9.0,903248.09,12662728.71,2785695.11
HI,HAWAII,1500030,Hawaii Department of Education,135,Barbers Point Elementary School,150003000135,No,1707758.85,33.0,1212315.83,299368.5,8.0,135523.47,0.0,-9.0,2.0,187378.4,1614670.22,8.0,327351.23,0.0,172541.15,2.0,187378.4,2301941.0,408904.93
HI,HAWAII,1500030,Hawaii Department of Education,136,August Ahrens Elementary School,150003000136,No,4484748.02,79.5,3806069.05,831538.93,9.0,20083.14,0.0,-9.0,3.0,346911.78,4666896.66,9.0,319358.17,0.0,311684.05,3.0,346911.78,5644850.66,934678.9
HI,HAWAII,1500030,Hawaii Department of Education,137,Major Sheldon Wheeler Middle School,150003000137,No,2573196.9,55.5,2052911.56,485825.57,8.0,0.0,0.0,-9.0,3.0,338773.11,2649354.08,8.0,245482.2,0.0,181512.23,3.0,338773.11,3415121.62,493565.57
HI,HAWAII,1500030,Hawaii Department of Education,138,Major Sheldon Wheeler Elementary School,150003000138,No,2745689.09,50.5,2214796.5,525237.69,9.0,0.0,0.0,-9.0,1.0,163569.6,2877544.46,9.0,305224.34,0.0,367322.99,1.0,163569.6,3713661.39,602635.63
HI,HAWAII,1500030,Hawaii Department of Education,139,Gustav H Webling Elementary School,150003000139,No,1531598.35,30.5,1173165.94,274630.63,5.0,35875.02,0.0,-9.0,2.0,187233.78,1396034.52,6.0,158905.99,0.0,135323.61,2.0,187233.78,1877497.9,276355.13
HI,HAWAII,1500030,Hawaii Department of Education,140,Waimalu Elementary School,150003000140,No,1578576.59,34.0,1069676.33,192421.47,10.5,44907.65,0.0,-9.0,2.0,203756.71,1729978.44,11.5,320384.66,0.0,260235.9,2.0,203756.71,2514355.71,239284.35
HI,HAWAII,1500030,Hawaii Department of Education,141,Waialua High & Intermediate School,150003000141,No,2154702.0,42.0,1500566.0,663953.96,10.0,67020.52,0.0,-9.0,3.0,299283.08,2085935.57,11.0,344766.56,0.0,287832.4,3.0,299283.08,3017817.61,711688.58
HI,HAWAII,1500030,Hawaii Department of Education,142,Waialua Elementary School,150003000142,No,1733099.41,34.0,1296415.31,166383.45,7.0,27576.71,0.0,-9.0,2.0,209648.23,1601267.76,7.0,206112.71,0.0,199459.16,2.0,209648.23,2216487.86,207391.3
HI,HAWAII,1500030,Hawaii Department of Education,143,Wahiawa Middle School,150003000143,No,2812433.27,62.0,2252192.48,434368.2,15.0,30650.86,0.0,-9.0,3.0,293081.96,3338743.52,16.0,501671.9,0.0,236507.97,3.0,293081.96,4370005.35,633323.24
HI,HAWAII,1500030,Hawaii Department of Education,144,Wahiawa Elementary School,150003000144,No,1640384.46,36.0,1231941.59,256729.53,9.0,24281.38,0.0,-9.0,2.0,205386.39,1644686.67,9.0,304620.46,0.0,178775.1,2.0,205386.39,2333468.62,335034.26
HI,HAWAII,1500030,Hawaii Department of Education,145,Sergeant Samuel K Solomon Elementary School,150003000145,No,3111985.77,61.5,2302368.36,341577.57,11.0,56186.34,0.0,-9.0,4.0,388021.65,3258508.38,11.0,387804.11,0.0,365409.42,4.0,388021.65,4399743.56,398426.98
HI,HAWAII,1500030,Hawaii Department of Education,146,Major General William R Shafter Elementary School,150003000146,No,1668715.33,29.0,1059099.97,414203.66,12.5,234951.36,0.0,-9.0,2.0,207147.33,1526681.69,12.5,419847.75,0.0,167516.67,2.0,207147.33,2321193.44,415476.95
HI,HAWAII,1500030,Hawaii Department of Education,147,Alvah A Scott Elementary School,150003000147,No,1626298.63,33.0,1173868.21,245555.21,8.0,79036.65,0.0,-9.0,2.0,210631.1,1536166.23,8.0,249815.0,0.0,162762.67,2.0,210631.1,2159375.0,364932.32
HI,HAWAII,1500030,Hawaii Department of Education,148,Salt Lake Elementary School,150003000148,No,2436035.23,48.0,1984835.45,546797.55,9.75,64248.72,0.0,-9.0,2.0,192478.6,2490954.61,9.75,343636.92,0.0,194472.46,2.0,192478.6,3221542.59,672048.29
HI,HAWAII,1500030,Hawaii Department of Education,149,Red Hill Elementary School,150003000149,No,1202169.5,28.5,843966.41,423173.45,8.0,62154.88,0.0,-9.0,1.0,109064.79,1275143.58,8.0,277746.47,0.0,186983.42,1.0,109064.79,1848938.26,425222.43
HI,HAWAII,1500030,Hawaii Department of Education,150,Admiral Arthur W Radford High School,150003000150,No,4032873.72,77.0,3103836.78,900955.9,13.0,71801.61,0.0,-9.0,4.0,419613.03,3964311.03,14.0,426226.19,0.0,437622.3,4.0,419613.03,5247772.55,950709.74
HI,HAWAII,1500030,Hawaii Department of Education,151,Pearl Ridge Elementary School,150003000151,No,1798142.92,32.0,1334646.26,233945.1,7.5,80751.18,0.0,-9.0,2.0,182903.86,1609149.14,7.5,217269.11,0.0,199841.62,2.0,182903.86,2209163.73,235316.42
HI,HAWAII,1500030,Hawaii Department of Education,152,Pearl Harbor Kai Elementary School,150003000152,No,1731851.97,37.5,1308933.12,391472.45,9.0,0.0,0.0,-9.0,2.0,215967.97,2027263.8,11.0,280216.76,0.0,206950.88,2.0,215967.97,2730399.41,396082.78
HI,HAWAII,1500030,Hawaii Department of Education,153,Pearl Harbor Elementary School,150003000153,No,2073812.14,41.5,1564457.75,284655.52,11.0,45878.88,0.0,-9.0,2.0,199332.97,2108067.71,12.0,345925.88,0.0,264142.54,2.0,199332.97,2917469.1,368136.19
HI,HAWAII,1500030,Hawaii Department of Education,154,Admiral Chester W Nimitz Elementary School,150003000154,No,2093159.55,43.5,1662732.34,454672.01,9.0,53888.02,0.0,-9.0,2.0,170128.91,2284480.14,9.0,294467.96,0.0,206410.28,2.0,170128.91,2955487.29,454713.71
HI,HAWAII,1500030,Hawaii Department of Education,155,Mokulele Elementary School,150003000155,No,1156738.62,26.0,837003.37,137656.67,6.0,0.0,0.0,-9.0,1.0,107116.57,1300774.97,6.0,193208.53,0.0,212618.68,1.0,107116.57,1813718.75,140140.81
HI,HAWAII,1500030,Hawaii Department of Education,156,Moanalua Middle School,150003000156,No,2616370.39,47.5,2147301.87,513179.63,7.0,47277.02,0.0,-9.0,3.0,291173.71,2618824.83,7.0,251251.05,0.0,130617.79,3.0,291173.71,3291867.38,513928.83
HI,HAWAII,1500030,Hawaii Department of Education,157,Ahuimanu Elementary School,150003000157,No,973577.15,21.5,754794.76,139267.93,5.5,0.0,0.0,-9.0,1.0,109064.79,1025788.55,5.5,84481.51,0.0,109717.6,1.0,109064.79,1329052.45,139381.93
HI,HAWAII,1500030,Hawaii Department of Education,158,Waipahu Intermediate School,150003000158,No,4522490.33,77.0,3529723.19,1191165.05,13.5,48064.02,0.0,-9.0,4.0,435007.66,4651275.99,13.5,436025.97,0.0,509695.46,4.0,435007.66,6032005.08,1335060.58
HI,HAWAII,1500030,Hawaii Department of Education,159,Waipahu Elementary School,150003000159,No,4347187.42,77.0,3674039.23,624834.58,11.0,73871.76,0.0,-9.0,3.0,297692.4,4358411.83,11.0,403413.45,0.0,301584.03,3.0,297692.4,5361101.71,916770.63
HI,HAWAII,1500030,Hawaii Department of Education,160,Kalihi Kai Elementary School,150003000160,No,2457019.72,44.0,1970618.08,242423.65,9.0,90111.78,0.0,-9.0,2.0,207147.33,2520254.8,9.0,289520.57,0.0,190473.55,2.0,207147.33,3207396.25,479117.57
HI,HAWAII,1500030,Hawaii Department of Education,161,Waipahu High School,150003000161,No,8431207.87,158.0,6855415.11,1980461.45,23.75,46479.95,0.0,-9.0,7.0,723724.87,8959603.46,23.75,752844.4,0.0,805587.94,7.0,723724.87,11241760.67,2794129.65
HI,HAWAII,1500030,Hawaii Department of Education,162,Kalihi Elementary School,150003000162,No,970423.92,22.0,656530.09,54705.28,3.5,38564.34,0.0,-9.0,2.0,183133.16,953423.28,3.5,127795.09,0.0,92196.33,2.0,183133.16,1356547.86,108730.82
HI,HAWAII,1500030,Hawaii Department of Education,163,Kalani High School,150003000163,No,4601058.04,81.0,3483178.07,885780.17,12.0,0.0,0.0,-9.0,5.0,558756.62,4364569.1,13.75,442684.76,0.0,559123.35,5.0,558756.62,5925133.83,891148.67
HI,HAWAII,1500030,Hawaii Department of Education,164,King David Kalakaua Middle School,150003000164,No,3817332.47,63.0,2956110.7,519302.85,7.5,33096.61,0.0,-9.0,4.0,433152.72,3404865.45,7.5,227448.46,0.0,394972.44,4.0,433152.72,4460439.07,706596.76
HI,HAWAII,1500030,Hawaii Department of Education,165,Princess Victoria Kaiulani Elementary School,150003000165,No,1237730.85,25.0,863476.1,315635.9,3.0,0.0,0.0,-9.0,2.0,206874.99,1082066.17,3.0,104946.44,0.0,167379.76,2.0,206874.99,1561267.36,421898.74
HI,HAWAII,1500030,Hawaii Department of Education,166,Kapolei Elementary School,150003000166,No,3189225.3,63.0,2638774.21,432819.29,8.0,27715.15,0.0,-9.0,2.0,233536.71,3375492.85,8.0,277879.13,0.0,289199.23,2.0,233536.71,4176107.92,441211.09
HI,HAWAII,1500030,Hawaii Department of Education,167,Kipapa Elementary School,150003000167,No,2231418.69,44.0,1702621.7,240296.01,12.5,88272.12,0.0,-9.0,2.0,211924.41,2355381.85,15.5,429369.87,0.0,228600.46,2.0,211924.41,3225276.59,253006.64
HI,HAWAII,1500030,Hawaii Department of Education,168,Kaala Elementary School,150003000168,No,1477879.97,30.0,1005569.33,211811.69,8.0,40509.77,0.0,-9.0,2.0,193278.95,1445478.49,8.0,290759.5,0.0,238521.92,2.0,193278.95,2168038.86,289472.24
HI,HAWAII,1500030,Hawaii Department of Education,169,Iliahi Elementary School,150003000169,No,1408333.19,26.0,985018.5,204848.05,5.0,0.0,0.0,-9.0,2.0,201616.63,1367508.16,8.0,161468.14,0.0,221698.06,2.0,201616.63,1952290.99,284333.13
HI,HAWAII,1500030,Hawaii Department of Education,170,Lt Col Horrace Meek Hickam Elementary School,150003000170,No,1560047.23,34.0,1318097.29,433737.3,4.0,4574.56,0.0,-9.0,1.0,109064.79,1712657.79,4.0,122080.47,0.0,128310.59,1.0,109064.79,2072113.64,434626.13
HI,HAWAII,1500030,Hawaii Department of Education,171,Helemano Elementary School,150003000171,No,2310218.71,44.5,1834003.73,393790.89,9.5,28153.72,0.0,-9.0,1.0,125331.62,2503842.78,11.5,316893.28,0.0,322729.64,1.0,125331.62,3268797.32,435470.47
HI,HAWAII,1500030,Hawaii Department of Education,172,Haleiwa Elementary School,150003000172,No,790110.04,17.0,438064.26,129014.76,4.0,5255.39,0.0,-9.0,1.0,115301.75,760267.73,4.0,160873.74,0.0,231488.64,1.0,115301.75,1267931.86,152044.45
HI,HAWAII,1500030,Hawaii Department of Education,173,Daniel K Inouye Elementary School,150003000173,No,2633596.38,57.5,2130742.54,276548.03,9.0,0.0,0.0,-9.0,2.0,221686.6,3019921.67,10.0,318751.85,0.0,281167.24,2.0,221686.6,3841527.36,306835.3
HI,HAWAII,1500030,Hawaii Department of Education,174,Aliamanu Middle School,150003000174,No,2101870.46,43.0,1623136.19,627215.93,8.0,0.0,0.0,-9.0,3.0,293634.56,2129320.8,10.0,225315.74,0.0,185099.71,3.0,293634.56,2833370.81,640407.42
HI,HAWAII,1500030,Hawaii Department of Education,175,Aliamanu Elementary School,150003000175,No,1984225.13,42.0,1478095.49,512037.09,12.0,49507.21,0.0,-9.0,2.0,192333.65,2194802.9,13.0,428229.41,0.0,264288.78,2.0,192333.65,3079654.74,519688.58
HI,HAWAII,1500030,Hawaii Department of Education,176,Aiea Intermediate School,150003000176,No,1939428.82,38.0,1394740.68,643419.27,8.0,77596.71,0.0,-9.0,2.0,236946.72,1907202.11,9.0,286310.75,0.0,230144.71,2.0,236946.72,2660604.29,802518.24
HI,HAWAII,1500030,Hawaii Department of Education,177,Aiea High School,150003000177,No,3620745.59,65.5,2842806.74,595365.65,10.0,0.0,0.0,-9.0,3.0,288012.98,3526975.12,11.0,306867.96,0.0,489925.87,3.0,288012.98,4611781.93,828136.78
HI,HAWAII,1500030,Hawaii Department of Education,178,Aiea Elementary School,150003000178,No,1119955.14,26.0,681000.69,253222.23,10.0,120801.47,0.0,-9.0,1.0,125331.62,1164018.9,10.0,368780.49,0.0,192821.36,1.0,125331.62,1850952.37,344180.45
HI,HAWAII,1500030,Hawaii Department of Education,179,Mayor John H Wilson Elementary School,150003000179,No,3438139.68,39.0,2624576.95,616111.4,4.75,0.0,0.0,-9.0,1.0,436477.23,3343038.39,5.75,236482.16,0.0,377085.5,1.0,436477.23,4393083.28,664295.06
HI,HAWAII,1500030,Hawaii Department of Education,180,President George Washington Middle School,150003000180,No,2054908.45,53.0,1665530.08,245568.37,6.5,26985.07,0.0,-9.0,3.0,123602.95,1993720.15,6.5,182025.33,0.0,238790.35,3.0,123602.95,2538138.78,253044.61
HI,HAWAII,1500030,Hawaii Department of Education,182,Waikiki Elementary School,150003000182,No,1852826.03,33.5,1489152.4,234946.64,4.5,57872.45,0.0,-9.0,2.0,227569.5,1670076.8,4.5,147877.75,0.0,78231.68,2.0,227569.5,2123755.73,234946.64
HI,HAWAII,1500030,Hawaii Department of Education,183,Waialae Elementary - PCS,150003000183,No,3022793.99,36.0,2088344.28,987799.3,6.5,145956.21,13.75,425827.67,4.0,362665.83,2114363.54,8.5,214602.97,13.75,425827.67,4.0,362665.83,3117460.01,1490076.47
HI,HAWAII,1500030,Hawaii Department of Education,184,Robert Louis Stevenson Middle School,150003000184,No,2196376.15,45.0,1631165.15,255186.38,6.25,39016.81,0.0,-9.0,2.0,220280.95,2350198.68,6.25,234545.05,0.0,305913.24,2.0,220280.95,3110937.92,355428.51
HI,HAWAII,1500030,Hawaii Department of Education,185,Royal Elementary School,150003000185,No,1286693.5,24.0,889880.7,261032.46,6.75,25877.66,0.0,-9.0,2.0,202155.53,1122250.98,6.75,218187.41,0.0,168779.61,2.0,202155.53,1711373.53,262137.85
HI,HAWAII,1500030,Hawaii Department of Education,186,President Theodore Roosevelt High School,150003000186,No,4401037.47,78.0,3396511.55,953882.42,12.0,8721.3,0.0,-9.0,4.0,412903.81,4310671.86,12.0,435936.04,0.0,582900.81,4.0,412903.81,5742412.52,955557.22
HI,HAWAII,1500030,Hawaii Department of Education,187,Puuhale Elementary School,150003000187,No,866963.21,18.5,587406.3,179352.74,2.0,3637.77,0.0,-9.0,1.0,127086.72,755419.8,2.0,85019.16,0.0,148832.42,1.0,127086.72,1116358.1,226181.19
HI,HAWAII,1500030,Hawaii Department of Education,188,Pauoa Elementary School,150003000188,No,1303095.66,21.0,1038990.5,160473.54,4.5,0.0,0.0,-9.0,1.0,118553.53,1235137.91,4.5,149238.52,0.0,145551.63,1.0,118553.53,1648481.59,186942.38
HI,HAWAII,1500030,Hawaii Department of Education,189,Palolo Elementary School,150003000189,No,1059800.71,21.5,822753.41,193099.81,3.5,0.0,0.0,-9.0,1.0,120212.33,1134542.87,3.5,100762.12,0.0,116834.97,1.0,120212.33,1472352.29,276219.97
HI,HAWAII,1500030,Hawaii Department of Education,190,Nuuanu Elementary School,150003000190,No,1274603.21,24.0,941685.32,210447.98,3.0,45365.59,0.0,-9.0,1.0,133375.7,1152112.49,3.0,96854.64,0.0,154176.6,1.0,133375.7,1536519.43,210805.88
HI,HAWAII,1500030,Hawaii Department of Education,191,Noelani Elementary School,150003000191,No,1373112.0,26.0,1071494.39,337694.91,2.75,34502.69,0.0,-9.0,1.0,118553.53,1256529.82,2.75,96637.52,0.0,148561.39,1.0,118553.53,1620282.26,338773.86
HI,HAWAII,1500030,Hawaii Department of Education,192,Niu Valley Middle School,150003000192,No,2355178.08,50.0,1800585.94,787253.18,6.75,0.0,0.0,-9.0,4.0,415850.34,2312705.6,6.75,216702.14,0.0,138741.8,4.0,415850.34,3083999.88,787253.18
HI,HAWAII,1500030,Hawaii Department of Education,193,President William McKinley High School,150003000193,No,4885894.81,95.5,3668594.48,1201834.43,16.0,74347.35,0.0,-9.0,5.0,553644.55,5239140.17,17.0,546522.07,0.0,589308.43,5.0,553644.55,6928615.22,1551203.62
HI,HAWAII,1500030,Hawaii Department of Education,194,Manoa Elementary School,150003000194,No,1976139.43,35.0,1514886.65,261564.92,6.0,50483.11,0.0,-9.0,2.0,198846.13,1768136.7,6.75,239384.5,0.0,211923.54,2.0,198846.13,2418290.87,263525.07
HI,HAWAII,1500030,Hawaii Department of Education,195,King William Lunalilo Elementary School,150003000195,No,1453535.52,25.0,1059197.4,208903.04,5.0,35875.02,0.0,-9.0,2.0,207147.33,1413672.04,5.0,175317.51,0.0,151315.77,2.0,207147.33,1947452.65,213773.52
HI,HAWAII,1500030,Hawaii Department of Education,196,Maemae Elementary School,150003000196,No,2501072.12,40.0,2048387.86,435391.77,4.5,37157.47,0.0,-9.0,2.0,201822.03,2254436.18,5.5,155418.16,0.0,213704.76,2.0,201822.03,2825381.13,435391.77
HI,HAWAII,1500030,Hawaii Department of Education,197,President Abraham Lincoln Elementary School,150003000197,No,1272993.28,24.0,930334.99,292407.81,4.75,992.16,0.0,-9.0,2.0,181516.96,1291800.84,4.75,154709.83,0.0,160149.17,2.0,181516.96,1788176.8,337966.98
HI,HAWAII,1500030,Hawaii Department of Education,198,Linapuni Elementary School,150003000198,No,744916.45,15.0,399765.6,167051.12,4.5,45737.86,0.0,-9.0,1.0,142038.14,720381.12,4.5,150343.84,0.0,157374.85,1.0,142038.14,1170137.95,177312.13
HI,HAWAII,1500030,Hawaii Department of Education,200,Princess Miriam K Likelike Elementary School,150003000200,No,1426122.0,24.0,1013572.2,153296.02,8.75,59676.35,0.0,-9.0,2.0,203756.71,1154597.4,8.75,286418.68,0.0,149116.74,2.0,203756.71,1793889.53,186777.1
HI,HAWAII,1500030,Hawaii Department of Education,201,King Liholiho Elementary School,150003000201,No,1664704.17,30.0,1267549.75,204703.98,4.5,0.0,0.0,-9.0,2.0,238178.38,1490577.05,5.5,216347.99,0.0,158976.04,2.0,238178.38,2104079.46,204969.74
HI,HAWAII,1500030,Hawaii Department of Education,202,Lanakila Elementary School,150003000202,No,1221413.33,22.0,835336.51,345356.36,4.75,33139.9,0.0,-9.0,2.0,191542.25,1033653.72,4.75,159357.23,0.0,161394.67,2.0,191542.25,1545947.87,395208.05
HI,HAWAII,1500030,Hawaii Department of Education,203,Prince Jonah Kuhio Elementary School,150003000203,No,927070.72,19.0,627078.65,121473.18,3.25,18650.58,0.0,-9.0,1.0,136234.28,909677.19,3.25,125128.4,0.0,145107.21,1.0,136234.28,1316147.08,169215.8
HI,HAWAII,1500030,Hawaii Department of Education,204,Koko Head Elementary School,150003000204,No,958358.29,21.0,654834.13,212075.55,6.0,36709.86,0.0,-9.0,1.0,113710.31,878333.68,6.0,193673.64,0.0,153103.99,1.0,113710.31,1338821.62,212575.12
HI,HAWAII,1500030,Hawaii Department of Education,205,Prince David Kawananakoa Middle School,150003000205,No,2363058.1,44.5,1829859.34,631721.8,3.5,0.0,0.0,-9.0,3.0,318269.26,2235096.76,3.5,122819.36,0.0,214929.5,3.0,318269.26,2891114.88,727929.91
HI,HAWAII,1500030,Hawaii Department of Education,206,Kauluwela Elementary School,150003000206,No,1294998.6,25.0,1013787.43,430762.96,3.5,12197.93,0.0,-9.0,1.0,143210.15,1210925.38,3.5,128852.01,0.0,125803.09,1.0,143210.15,1608790.63,493398.31
HI,HAWAII,1500030,Hawaii Department of Education,207,Kapalama Elementary School,150003000207,No,2270685.87,34.5,1741212.44,227186.95,5.0,38577.54,0.0,-9.0,2.0,263673.42,2047962.17,5.0,164192.88,0.0,227222.47,2.0,263673.42,2703050.94,235012.79
HI,HAWAII,1500030,Hawaii Department of Education,208,Kamiloiki Elementary School,150003000208,No,1469265.4,31.0,726157.42,39999.88,6.0,412695.24,1.0,122818.54,1.0,207594.2,726157.42,6.0,412695.24,1.0,122818.54,1.0,207594.2,1469265.4,710141.99
HI,HAWAII,1500030,Hawaii Department of Education,209,Kalihi Waena Elementary School,150003000209,No,1907821.54,35.0,1468205.19,85944.51,8.0,94224.53,0.0,-9.0,2.0,203756.71,1789558.79,8.0,259516.49,0.0,141635.11,2.0,203756.71,2394467.1,191130.85
HI,HAWAII,1500030,Hawaii Department of Education,210,Kalihi Uka Elementary School,150003000210,No,821892.68,15.5,492555.23,131484.04,4.5,40308.68,0.0,-9.0,1.0,128867.83,704336.77,4.5,159492.16,0.0,160160.94,1.0,128867.83,1152857.7,190862.37
HI,HAWAII,1500030,Hawaii Department of Education,211,Kaimuki Middle School,150003000211,No,3106820.03,59.0,2258137.17,482590.28,10.25,22464.47,0.0,-9.0,4.0,459723.87,2913567.47,10.25,298347.27,0.0,366494.52,4.0,459723.87,4038133.13,483732.66
HI,HAWAII,1500030,Hawaii Department of Education,212,Kaimuki High School,150003000212,No,2322690.9,53.0,1435554.15,358663.27,15.25,0.0,0.0,-9.0,5.0,541498.75,2674045.38,15.25,509896.33,0.0,345638.0,5.0,541498.75,4071078.46,706049.14
HI,HAWAII,1500030,Hawaii Department of Education,213,President Thomas Jefferson Elementary School,150003000213,No,1315853.3,29.0,905765.9,259179.88,11.75,68572.31,0.0,-9.0,2.0,197413.19,1225322.45,11.75,406513.04,0.0,144101.9,2.0,197413.19,1973350.58,386792.03
HI,HAWAII,1500030,Hawaii Department of Education,214,Hokulani Elementary School,150003000214,No,1201823.29,23.0,962530.37,140285.5,5.25,53063.69,0.0,-9.0,1.0,109859.89,1073773.13,5.25,142068.92,0.0,76369.34,1.0,109859.89,1402071.28,144327.3
HI,HAWAII,1500030,Hawaii Department of Education,215,Kahala Elementary School,150003000215,No,1295338.34,28.5,1020992.7,292176.31,7.5,0.0,0.0,-9.0,1.0,113710.31,1276747.92,8.5,231756.79,0.0,160635.33,1.0,113710.31,1782850.35,294485.52
HI,HAWAII,1500030,Hawaii Department of Education,216,Kaewai Elementary School,150003000216,No,1225597.93,27.0,941407.4,204926.78,5.75,0.0,0.0,-9.0,1.0,132501.09,1404059.4,5.75,177070.14,0.0,151689.44,1.0,132501.09,1865320.07,298122.14
HI,HAWAII,1500030,Hawaii Department of Education,217,Queen Kaahumanu Elementary School,150003000217,No,1798293.88,38.5,1407890.33,419877.39,6.75,0.0,0.0,-9.0,2.0,190503.14,1955352.68,6.75,235480.47,0.0,199900.41,2.0,190503.14,2581236.7,447426.9
HI,HAWAII,1500030,Hawaii Department of Education,218,William P Jarrett Middle School,150003000218,No,1010770.44,24.0,589580.42,118737.76,5.75,0.0,0.0,-9.0,2.0,214011.66,1025739.59,5.75,215172.04,0.0,207178.36,2.0,214011.66,1662101.65,200791.07
HI,HAWAII,1500030,Hawaii Department of Education,219,Hahaione Elementary School,150003000219,No,1788032.26,36.5,1417871.57,286053.0,3.75,1971.06,0.0,-9.0,2.0,199978.79,1647820.5,4.75,163536.06,0.0,168210.84,2.0,199978.79,2179546.19,286053.0
HI,HAWAII,1500030,Hawaii Department of Education,220,Mayor Joseph J Fern Elementary School,150003000220,No,1708690.62,31.5,1271550.99,188464.26,6.25,40298.48,0.0,-9.0,2.0,207521.01,1563627.72,6.25,229183.32,0.0,189320.14,2.0,207521.01,2189652.19,266765.61
HI,HAWAII,1500030,Hawaii Department of Education,221,Governor Wallace Rider Farrington High School,150003000221,No,7646452.35,136.0,6004733.73,1496872.47,19.75,132755.48,2.0,862029.05,6.0,646934.09,7978797.23,20.75,669398.54,2.0,862029.05,6.0,646934.09,10157158.91,1919708.22
HI,HAWAII,1500030,Hawaii Department of Education,222,Governor Sanford B Dole Middle School,150003000222,No,3130161.86,56.0,2433265.22,310259.93,5.5,34490.29,0.0,-9.0,4.0,382901.79,3053680.61,5.5,236442.28,0.0,280237.18,4.0,382901.79,3953261.86,944549.44
HI,HAWAII,1500030,Hawaii Department of Education,223,Central Middle School,150003000223,No,1485156.92,26.0,967441.95,319441.14,6.75,38598.39,0.0,-9.0,3.0,271438.03,1256157.95,6.75,207156.28,0.0,207678.55,3.0,271438.03,1942430.81,644961.2
HI,HAWAII,1500030,Hawaii Department of Education,225,Aliiolani Elementary School,150003000225,No,903866.98,18.0,639378.11,166399.24,4.75,0.0,0.0,-9.0,1.0,109064.79,935735.78,4.75,110331.18,0.0,155424.08,1.0,109064.79,1310555.83,173982.09
HI,HAWAII,1500030,Hawaii Department of Education,226,Ala Wai Elementary School,150003000226,No,1294908.3,27.0,992639.53,346944.84,5.5,38773.06,0.0,-9.0,1.0,113710.31,1298874.83,5.5,166023.61,0.0,149785.4,1.0,113710.31,1728394.15,409918.94
HI,HAWAII,1500030,Hawaii Department of Education,227,Aina Haina Elementary School,150003000227,No,1574786.9,29.5,1098742.02,170595.28,7.0,34502.69,0.0,-9.0,2.0,212431.76,1452109.88,8.0,307470.77,0.0,229110.43,2.0,212431.76,2201122.84,171228.39
HI,HAWAII,1500030,Hawaii Department of Education,228,Henry J Kaiser High School,150003000228,No,1326582.88,65.0,1025468.61,208598.83,7.5,33139.9,0.0,-9.0,4.0,109064.79,1398590.74,7.5,206139.08,0.0,158909.58,4.0,109064.79,1872704.19,210256.23
HI,HAWAII,1500030,Hawaii Department of Education,229,Waianae Intermediate School,150003000229,No,2525289.88,57.0,1981314.9,822714.67,15.0,141805.81,0.0,-9.0,3.0,317663.73,3091979.91,17.0,581732.55,0.0,84505.44,3.0,317663.73,4075881.63,945291.6
HI,HAWAII,1500030,Hawaii Department of Education,230,Leihoku Elementary School,150003000230,No,2942238.32,58.0,2410514.53,558963.12,7.0,0.0,0.0,-9.0,3.0,313130.01,3169756.82,8.0,269256.32,0.0,218593.78,3.0,313130.01,3970736.93,592492.84
HI,HAWAII,1500030,Hawaii Department of Education,231,Kanoelani Elementary School,150003000231,No,2805906.83,50.0,2112978.91,341303.99,11.0,175567.92,0.0,-9.0,3.0,290154.11,2581540.36,11.0,377154.58,0.0,227205.89,3.0,290154.11,3476054.94,355987.28
HI,HAWAII,1500030,Hawaii Department of Education,232,Kahakai Elementary School,150003000232,No,2272979.9,44.0,1801159.66,403327.69,4.5,0.0,0.0,-9.0,4.0,365903.85,2160223.55,4.5,139790.35,0.0,105916.39,4.0,365903.85,2771834.14,491362.11
HI,HAWAII,1500030,Hawaii Department of Education,233,Samuel Enoka Kalama Intermediate School,150003000233,No,3017376.93,66.0,2412429.19,271910.42,12.34,76972.2,0.0,-9.0,3.0,292753.81,3280664.08,12.34,399262.21,0.0,235221.73,3.0,292753.81,4207901.83,448156.34
HI,HAWAII,1500030,Hawaii Department of Education,234,Pahoa Elementary School,150003000234,No,1418221.0,29.0,1003436.87,216775.67,5.75,0.0,0.0,-9.0,2.0,168446.72,1276010.98,5.75,170482.41,0.0,246337.41,2.0,168446.72,1861277.52,360977.26
HI,HAWAII,1500030,Hawaii Department of Education,235,Kealakehe Intermediate School,150003000235,No,2357260.4,49.0,1957618.33,459269.5,7.5,5578.28,0.0,-9.0,2.0,241490.98,2502550.96,7.5,205445.0,0.0,152572.81,2.0,241490.98,3102059.75,592104.63
HI,HAWAII,1500030,Hawaii Department of Education,236,Kahuku Elementary School,150003000236,No,1318033.71,29.0,968990.55,142906.04,5.0,18650.58,0.0,-9.0,2.0,215564.19,1301386.33,5.0,152945.12,0.0,114828.39,2.0,215564.19,1784724.03,149376.48
HI,HAWAII,1500030,Hawaii Department of Education,237,Princess Nahienaena Elementary School,150003000237,No,2287958.93,50.0,1900813.91,574472.54,6.0,7901.04,0.0,-9.0,2.0,187872.76,2408188.31,6.0,189381.97,0.0,191371.22,2.0,187872.76,2976814.26,682045.85
HI,HAWAII,1500030,Hawaii Department of Education,238,Lokelani Intermediate School,150003000238,No,2020593.36,44.0,1609964.07,292052.35,7.62,0.0,0.0,-9.0,2.0,193415.85,2153965.24,7.62,232652.13,0.0,217213.44,2.0,193415.85,2797246.66,302582.41
HI,HAWAII,1500030,Hawaii Department of Education,239,Kaleiopuu Elementary School,150003000239,No,2996331.35,52.0,2360285.72,556121.79,9.0,83459.05,0.0,-9.0,3.0,283814.07,2886108.82,9.0,338793.16,0.0,268772.51,3.0,283814.07,3777488.56,565337.89
HI,HAWAII,1500030,Hawaii Department of Education,240,Kamaile Academy PCS,150003000240,No,4495715.19,50.0,3233814.69,1476634.0,9.0,236398.1,8.0,359424.4,13.0,666078.0,3779309.81,11.0,288455.42,9.75,451567.9,13.0,666078.0,5185411.13,2074728.0
HI,HAWAII,1500030,Hawaii Department of Education,241,Maui Waena Intermediate School,150003000241,No,3805812.48,71.0,2917232.78,758771.33,18.31,218260.02,0.0,-9.0,3.0,377079.44,3757527.32,18.31,511794.98,0.0,293240.24,3.0,377079.44,4939641.98,919657.53
HI,HAWAII,1500030,Hawaii Department of Education,242,King Kaumualii Elementary School,150003000242,No,2112606.2,41.0,1629318.25,410186.52,7.75,42449.2,4.0,232520.3,2.0,208318.45,2243413.28,7.75,264724.33,4.0,232520.3,2.0,208318.45,2948976.36,438815.26
HI,HAWAII,1500030,Hawaii Department of Education,244,Keonepoko Elementary School,150003000244,No,1718625.9,47.0,1281331.18,627389.48,13.0,63859.2,0.0,-9.0,1.0,159541.01,2183600.54,13.0,368560.86,0.0,213894.51,1.0,159541.01,2925596.92,831611.73
HI,HAWAII,1500030,Hawaii Department of Education,246,Anuenue School,150003000246,No,1811100.96,33.0,1255420.41,478793.61,2.75,35373.45,0.0,-9.0,3.0,308478.07,1401197.38,2.75,95432.26,0.0,211829.03,3.0,308478.07,2016936.74,557476.28
HI,HAWAII,1500030,Hawaii Department of Education,247,Waikoloa Elementary and Middle School,150003000247,No,2538944.83,57.5,1974921.23,530378.46,10.25,34502.69,1.0,215529.19,3.0,313991.72,2694301.0,10.25,288306.05,1.0,215529.19,3.0,313991.72,3512127.96,648428.77
HI,HAWAII,1500030,Hawaii Department of Education,248,Holomua Elementary School,150003000248,No,4873211.96,80.0,4088784.27,567498.66,15.0,117573.35,0.0,-9.0,3.0,383305.98,5156196.99,15.0,166828.8,0.0,283548.36,3.0,383305.98,5989880.13,600857.32
HI,HAWAII,1500030,Hawaii Department of Education,249,Honokaa Elementary School,150003000249,No,1270625.4,23.5,894738.04,296762.07,3.5,33139.9,0.0,-9.0,2.0,206331.86,1125711.06,3.5,107063.37,0.0,136415.6,2.0,206331.86,1575521.89,320402.87
HI,HAWAII,1500030,Hawaii Department of Education,250,Kohala Elementary School,150003000250,No,1082871.04,26.0,759467.75,212365.11,6.75,75790.16,0.0,-9.0,1.0,115301.75,1144698.5,6.75,204274.97,0.0,132311.38,1.0,115301.75,1596586.6,276846.95
HI,HAWAII,1500030,Hawaii Department of Education,251,King Kekaulike High School,150003000251,No,3237113.91,75.0,2574418.09,850750.62,14.55,0.0,0.0,-9.0,3.0,311363.66,3621937.01,14.55,361268.1,0.0,351332.16,3.0,311363.66,4645900.93,860734.87
HI,HAWAII,1500030,Hawaii Department of Education,252,Konawaena Middle School,150003000252,No,1824377.07,41.0,1505797.49,394593.4,7.25,19318.9,0.0,-9.0,2.0,216239.59,1915250.71,7.25,216104.24,0.0,83021.09,2.0,216239.59,2430615.63,562447.49
HI,HAWAII,1500030,Hawaii Department of Education,253,Kamalii Elementary School,150003000253,No,1436380.55,30.0,1123755.62,297380.83,4.86,2580.03,0.0,-9.0,2.0,192211.44,1480943.06,4.86,177294.63,0.0,117833.46,2.0,192211.44,1968282.59,305478.25
HI,HAWAII,1500030,Hawaii Department of Education,254,Kealakehe High School,150003000254,No,3383816.15,74.0,2569855.83,1056088.55,12.0,116.1,0.0,-9.0,4.0,455310.38,3580959.24,12.0,343534.94,0.0,358533.84,4.0,455310.38,4738338.4,1426388.62
HI,HAWAII,1500030,Hawaii Department of Education,255,Kapaa Middle School,150003000255,No,1643907.97,31.0,1070018.13,486474.88,7.25,24167.9,3.0,154252.28,4.0,395469.66,1514575.79,7.25,176780.4,3.0,154252.28,4.0,395469.66,2241078.13,760135.17
HI,HAWAII,1500030,Hawaii Department of Education,256,Mililani Middle School,150003000256,No,5494477.91,102.0,4580773.29,2386544.03,21.0,16160.79,0.0,-9.0,4.0,534777.93,6109732.87,22.0,459125.91,0.0,362765.9,4.0,534777.93,7466402.61,2386544.03
HI,HAWAII,1500030,Hawaii Department of Education,257,Waikele Elementary School,150003000257,No,2188350.2,44.0,1662528.96,294049.51,9.0,64931.85,0.0,-9.0,3.0,252729.13,2295339.29,9.0,330469.03,0.0,208160.26,3.0,252729.13,3086697.71,343480.71
HI,HAWAII,1500030,Hawaii Department of Education,258,Keaau Elementary School,150003000258,No,2578719.21,52.0,2124265.3,617077.79,11.25,83593.68,0.0,-9.0,2.0,194971.6,2876351.23,12.25,413472.07,0.0,175888.63,2.0,194971.6,3660683.53,754012.5
HI,HAWAII,1500030,Hawaii Department of Education,259,Kapolei Middle School,150003000259,No,5292123.64,92.0,4208458.43,623295.81,18.0,0.0,0.0,-9.0,5.0,574453.78,5749022.58,18.0,417660.12,0.0,509211.43,5.0,574453.78,7250347.91,639307.81
HI,HAWAII,1500030,Hawaii Department of Education,260,Keaau High School,150003000260,No,3131459.7,65.0,2272508.0,774461.41,15.5,42507.56,1.0,370337.14,4.0,446107.0,3555064.94,15.5,546202.74,1.0,370337.14,4.0,446107.0,4917711.82,1059503.17
HI,HAWAII,1500030,Hawaii Department of Education,261,Kapolei High School,150003000261,No,5405054.26,118.5,4271547.7,1263350.17,26.0,0.0,1.0,624694.27,5.0,508812.29,6209062.84,26.0,701273.38,1.0,624694.27,5.0,508812.29,8043842.78,1386956.09
HI,HAWAII,1500030,Hawaii Department of Education,262,Connections - New Century PCS,150003000262,No,1634080.0,16.0,931404.0,741827.0,3.88,67088.0,11.5,362686.0,4.0,272902.0,931404.0,6.73,122002.0,12.0,371344.0,4.0,272902.0,1697652.0,850635.0
HI,HAWAII,1500030,Hawaii Department of Education,263,Kanu o ka Aina - New Century PCS,150003000263,No,2277888.96,20.0,1157750.76,2729849.62,11.5,379511.29,6.0,275368.64,5.0,465258.27,1157750.76,11.5,379511.29,6.0,275368.64,5.0,465258.27,2277888.96,2729849.62
HI,HAWAII,1500030,Hawaii Department of Education,264,Na Wai Ola - PCS,150003000264,No,906611.89,9.0,476058.38,718276.83,10.0,209674.97,0.0,-9.0,5.0,220878.54,544821.55,11.0,241205.93,0.0,0.0,5.0,220878.54,1006906.02,900125.01
HI,HAWAII,1500030,Hawaii Department of Education,265,West Hawaii Explorations Academy,150003000265,No,1255177.0,19.0,1044430.0,704079.0,0.0,-9.0,11.0,38219.0,5.0,172528.0,1050269.0,0.0,0.0,11.0,38219.0,5.0,172528.0,1261016.0,704079.0
HI,HAWAII,1500030,Hawaii Department of Education,266,Chiefess Kamakahelei Middle School,150003000266,No,3169483.77,65.0,2516791.13,659488.35,5.75,0.0,1.0,234739.81,4.0,417952.83,3218443.42,5.75,195675.29,1.0,234739.81,4.0,417952.83,4066811.35,813818.9
HI,HAWAII,1500030,Hawaii Department of Education,267,Kohala Middle School,150003000267,No,593030.84,14.0,421493.86,156870.57,5.0,2194.08,0.0,-9.0,1.0,113710.31,632461.05,5.0,102630.65,0.0,55632.59,1.0,113710.31,904434.6,226533.36
HI,HAWAII,1500030,Hawaii Department of Education,268,Waimea Middle - PCCS,150003000268,No,1644617.76,14.8,905271.36,720436.0,0.0,-9.0,10.0,517630.32,2.0,221716.08,905271.36,0.0,0.0,10.0,517630.32,2.0,221716.08,1644617.76,941733.0
HI,HAWAII,1500030,Hawaii Department of Education,269,Kula Aupuni Niihau A Kahelelani Aloha - NCPCS,150003000269,No,229201.16,4.0,168007.12,402369.0,0.5,9931.0,0.5,34622.04,1.0,16641.0,299064.0,0.5,9931.28,0.5,34622.04,1.0,16641.0,360258.32,2399064.0
HI,HAWAII,1500030,Hawaii Department of Education,270,Halau Ku Mana - A New Century PCS,150003000270,No,1033672.97,13.0,711219.83,630104.3,3.0,63544.65,1.0,84244.64,3.0,174663.85,711219.83,3.0,63544.65,1.0,84244.64,3.0,174663.85,1033672.97,630104.3
HI,HAWAII,1500030,Hawaii Department of Education,271,Voyager - A Public Charter School,150003000271,No,1522437.0,17.0,955610.0,98799.0,0.0,-9.0,4.0,242730.0,5.0,324097.0,955610.0,0.0,0.0,4.0,242730.0,5.0,324097.0,1522437.0,110051.0
HI,HAWAII,1500030,Hawaii Department of Education,273,University Laboratory School,150003000273,No,3125006.81,35.4,2326921.31,380969.68,2.0,69570.0,3.0,158972.34,9.0,569543.16,2326921.31,2.0,69570.0,3.0,158972.34,9.0,569543.16,3125006.81,415545.79
HI,HAWAII,1500030,Hawaii Department of Education,274,Myron B. Thompson Academy - A New Century PCS,150003000274,No,2566957.0,18.0,1165574.0,1559578.0,0.5,30075.0,11.8,69902.0,3.0,379194.0,1165574.0,0.5,30075.0,11.8,69902.0,3.0,379194.0,2566957.0,1570622.0
HI,HAWAII,1500030,Hawaii Department of Education,275,Hakipuu Learning Center,150003000275,No,667451.73,3.5,225551.48,87317.02,4.25,138485.26,1.0,46041.52,4.75,257373.47,231832.98,4.5,148482.33,1.0,46041.52,4.75,257373.47,683730.3,240682.75
HI,HAWAII,1500030,Hawaii Department of Education,276,Ke Kula o Samuel M Kamakau - A Laboratory PCS,150003000276,No,961119.03,8.0,402591.36,443608.52,6.0,161359.46,1.0,55613.58,6.0,341554.63,437201.88,6.0,165013.18,1.0,55835.88,5.5,425632.39,1083683.33,1083683.0
HI,HAWAII,1500030,Hawaii Department of Education,277,Innovations - PCS,150003000277,No,1210693.74,13.0,556046.38,68001.5,12.5,220811.47,4.0,181631.61,4.0,252204.28,1210693.74,12.0,272029.39,4.0,181631.61,4.0,252204.28,1916559.02,68001.5
HI,HAWAII,1500030,Hawaii Department of Education,278,Ke Ana Laahana - PCS,150003000278,No,416872.0,5.0,335920.0,293581.0,0.0,-9.0,0.0,-9.0,2.0,80952.0,459372.0,0.0,0.0,0.0,0.0,2.0,80952.0,540324.0,293581.0
HI,HAWAII,1500030,Hawaii Department of Education,279,Kihei Charter School,150003000279,No,2481582.0,31.0,1610446.0,1679001.0,8.5,294726.0,4.0,74798.0,7.5,501612.0,1610446.0,8.5,294726.0,4.0,74798.0,7.5,501612.0,2481582.0,1679001.0
HI,HAWAII,1500030,Hawaii Department of Education,280,Ke Kula Niihau o Kekaha Learning Center - A Laboratory PCS,150003000280,No,391172.79,6.0,269518.79,0.0,0.0,-9.0,2.0,76792.0,1.0,44862.0,269518.79,0.0,0.0,2.0,76792.0,1.0,44862.0,391172.79,0.0
HI,HAWAII,1500030,Hawaii Department of Education,281,Volcano School of Arts & Sciences - A Community PCS,150003000281,No,985436.0,13.5,662790.0,10769.55,5.9,105485.0,7.64,33413.0,2.0,183748.0,704327.0,7.4,133968.0,7.64,334130.0,2.0,183748.0,1356173.0,69037.46
HI,HAWAII,1500030,Hawaii Department of Education,282,Hawaii Academy of Arts & Science PCS,150003000282,No,3972764.41,32.0,2127560.0,1079899.29,23.87,621589.06,13.75,442949.98,13.98,780665.37,2127560.0,28.3,869642.65,13.75,442949.98,13.98,780665.37,4220818.0,1621744.0
HI,HAWAII,1500030,Hawaii Department of Education,283,Ka Umeke Kaeo - PCS,150003000283,No,1227112.62,21.5,798880.4,472400.67,4.0,28466.4,8.0,133609.89,4.0,266155.93,976214.4,17.0,191610.71,8.0,178034.13,4.0,311155.93,1657015.17,533501.78
HI,HAWAII,1500030,Hawaii Department of Education,284,Ke Kula o Nawahiokalaniopuu Iki - Laboratory PCS,150003000284,No,2027283.43,31.0,1814981.09,1863191.98,4.0,88781.08,1.0,47423.5,12.75,76097.76,1888242.48,7.0,271951.66,1.0,47423.5,14.0,147144.46,2354762.1,2639813.12
HI,HAWAII,1500030,Hawaii Department of Education,285,Mililani Ike Elementary School,150003000285,No,2271264.63,47.0,1845223.24,567138.78,9.0,20834.73,0.0,-9.0,2.0,200123.63,2507158.99,10.0,269510.7,0.0,205083.03,2.0,200123.63,3181876.35,567889.18
HI,HAWAII,1500030,Hawaii Department of Education,286,Ka Waihona o ka Naauao - New Century PCS,150003000286,No,5384695.56,52.0,3169191.31,2110973.04,23.0,651067.76,58.0,1360953.93,5.0,203482.56,3169191.31,23.0,651067.76,58.0,1360953.93,5.0,203482.56,5384695.56,2776397.04
HI,HAWAII,1500030,Hawaii Department of Education,287,Ke Kula o Ehunuikaimalino,150003000287,No,904066.95,15.0,569550.8,195539.94,1.0,8516.55,0.0,-9.0,2.0,251847.45,679028.52,1.0,44391.57,0.0,74152.15,2.0,251847.45,1049419.69,259662.61
HI,HAWAII,1500030,Hawaii Department of Education,288,Kua o ka La - NCPCS,150003000288,No,1606516.62,20.0,810298.7,438407.74,5.4,195882.0,2.5,82321.0,8.8,518014.92,870355.7,5.4,261488.0,2.5,97305.0,8.8,518014.92,1747163.62,2410743.0
HI,HAWAII,1500030,Hawaii Department of Education,289,Kanuikapono Learning Center,150003000289,No,0.0,0.0,-9.0,0.0,0.0,-9.0,0.0,-9.0,0.0,-9.0,0.0,0.0,0.0,0.0,0.0,0.0,0.0,0.0,0.0
HI,HAWAII,1500030,Hawaii Department of Education,290,Molokai Middle School,150003000290,No,717833.88,14.0,476002.77,224524.04,4.5,0.0,0.0,-9.0,1.0,121895.91,759401.22,4.5,131265.32,0.0,119935.2,1.0,121895.91,1132497.65,278570.52
HI,HAWAII,1500030,Hawaii Department of Education,291,Keoneula Elementary School,150003000291,No,3192459.37,62.0,2515533.56,940144.67,10.0,127165.29,0.0,-9.0,3.0,298995.66,3014758.37,10.0,281828.73,0.0,250764.86,3.0,298995.66,3846347.62,940244.67
HI,HAWAII,1500030,Hawaii Department of Education,292,Pomaikai Elementary School,150003000292,No,1963336.95,41.0,1577346.7,227969.44,8.98,138056.83,0.0,-9.0,1.0,128579.67,1926941.52,8.98,283654.68,0.0,119353.75,1.0,128579.67,2458529.62,228453.28
HI,HAWAII,1500030,Hawaii Department of Education,293,Kona Pacific - PCS,150003000293,No,1408620.68,12.0,634957.8,754777.4,9.0,171127.87,11.0,289516.16,10.25,313018.85,672124.97,11.0,191960.17,11.0,289516.16,11.5,349436.05,1503037.35,865148.0
HI,HAWAII,1500030,Hawaii Department of Education,294,Kawaikini NCPCS,150003000294,No,1143083.0,13.0,574616.0,487941.0,4.0,104061.0,3.5,104139.0,7.0,360267.0,1242471.0,4.0,104061.0,3.5,104139.0,7.0,360267.0,1810938.0,487941.0
HI,HAWAII,1500030,Hawaii Department of Education,295,Hawaii Technology Academy - PCS,150003000295,No,4988970.74,68.0,3442070.78,3650063.1,2.0,33316.3,12.0,495435.31,21.0,1018148.35,3442070.78,2.0,33316.3,17.0,919433.07,22.0,1129244.45,5524064.6,3770513.26
HI,HAWAII,1500030,Hawaii Department of Education,296,Ewa Makai Middle School,150003000296,No,2726069.36,50.0,2127654.17,751406.85,8.0,0.0,0.0,-9.0,3.0,311806.9,2480526.18,8.0,238192.39,0.0,286608.29,3.0,311806.9,3317133.76,795264.7
HI,HAWAII,1500030,Hawaii Department of Education,297,Puu Kukui Elementary School,150003000297,No,2573649.02,46.0,2025020.38,398086.0,5.85,51176.25,0.0,-9.0,3.0,286936.19,2446197.35,5.85,154890.52,0.0,210516.2,3.0,286936.19,3098540.26,398620.6
HI,HAWAII,1500030,Hawaii Department of Education,298,SEEQS - Sch Examining Essential Questions of Sustainability,150003000298,No,907085.0,13.0,589948.42,351376.77,0.0,-9.0,0.0,-9.0,5.0,317136.58,589948.42,0.0,0.0,0.0,0.0,5.0,317136.58,907085.0,78169.05
HI,HAWAII,1500030,Hawaii Department of Education,299,Malama Honua Learning Center PCS,150003000299,No,553780.0,5.0,306410.0,84000.0,2.0,62020.0,2.25,74350.0,1.0,111000.0,306410.0,2.9,94020.0,2.25,74350.0,1.0,111000.0,585780.0,113000.0
HI,HAWAII,1500030,Hawaii Department of Education,300,Hookele Elementary School,150003000300,No,2543209.91,44.0,1989722.61,607473.18,6.5,61589.9,0.0,-9.0,3.0,298171.36,2286478.72,6.5,199322.48,0.0,193726.04,3.0,298171.36,2977698.6,609025.75
HI,HAWAII,1500030,Hawaii Department of Education,301,Ka'u Learning Academy - PCS,150003000301,No,0.0,0.0,-9.0,0.0,0.0,-9.0,0.0,-9.0,0.0,-9.0,0.0,0.0,0.0,0.0,0.0,0.0,0.0,0.0,0.0
HI,HAWAII,1500030,Hawaii Department of Education,302,Kapolei Charter School by Goodwill Hawaii,150003000302,No,273231.0,4.0,91967.0,76674.0,0.0,-9.0,1.0,12919.0,2.0,168345.0,91967.0,0.0,0.0,1.0,12919.0,2.0,168345.0,273231.0,76674.0
HI,HAWAII,1500030,Hawaii Department of Education,303,Kamalani Academy,150003000303,No,1168786.12,14.0,901188.66,0.0,0.0,-9.0,1.0,55424.4,3.0,212173.06,1169212.34,0.0,0.0,1.0,56232.95,3.0,212173.06,1437618.35,0.0
